sim_name,p_rel_l2,tau_rel_l2,p_mae,tau_mae,cl_head,cd_head,cl_int,cd_int,cl_true,cd_true,sym_residual,antisym_cl_gap
airFoil2D_SST_31.812_1.334_0.371_3.287_0.0_19.548,0.1471708119,0.1695511299,35.85812731,0.1559816288,0.1112394333,0.01126528904,0.1592802554,0.00758518558,0.1494156718,0.01156413369,6.243840221,0.04402148724
airFoil2D_SST_31.863_-1.58_1.567_6.956_10.028,0.1034233442,0.1164427964,21.03568991,0.179848101,-0.0116301775,0.009223783389,0.006804201752,0.005547827575,0.05126406252,0.009225948714,21.71789394,0.04237443209
airFoil2D_SST_32.137_12.122_4.854_5.202_9.247,0.1398323857,0.1058311885,199.4992988,0.6250719965,1.62784338,0.02337987348,1.592363358,0.0198394265,1.674978018,0.02423187718,0.9128424461,0.8214705586
airFoil2D_SST_32.432_14.036_6.578_2.722_5.928,0.1886723991,0.5809418278,342.3442097,3.432860843,1.578738809,0.02762148902,1.546756268,-0.06189772859,1.846978068,0.03541012481,0.9441174096,0.5792434216
airFoil2D_SST_32.66_1.2_3.249_6.689_1.0_18.317,0.09835110139,0.2196690096,24.39607151,0.2087850471,0.4220656455,0.01218498871,0.4292120039,0.01166062709,0.4176615775,0.01192494482,6.34850662,0.3354061544
airFoil2D_SST_32.892_-0.128_5.528_3.635_15.155,0.08782978744,0.2074490549,22.07670461,0.2202039894,0.5426046848,0.01206526347,0.4970291555,0.005041175522,0.5279270411,0.01148022804,9.422167947,0.535875082
airFoil2D_SST_33.012_6.968_1.841_4.84_5.618,0.3518637467,0.2571527059,343.1720571,1.533800733,0.9691410661,0.01279869024,0.8943656683,0.02506868355,0.9567072988,0.01227645855,2.0380804,0.7053323984
airFoil2D_SST_33.33_14.375_1.036_3.451_12.655,0.02812460959,0.05706059279,48.75131488,0.3191639585,1.43115437,0.02285552584,1.454288244,0.01391787268,1.477641344,0.02493859828,1.069153833,0.1527508497
airFoil2D_SST_33.984_-1.17_6.811_0.0_14.338,0.08383522754,0.1161175917,18.70635673,0.1185387458,-0.1756796837,0.0098818345,-0.1192694902,0.007235738449,-0.1185160354,0.009997952729,10.28253896,0.122869432
airFoil2D_SST_34.806_8.99_2.295_5.593_1.0_19.795,0.05162018284,0.0468222744,21.87586189,0.1071227896,1.033130407,0.01772643998,1.084739923,0.02602822334,1.025509834,0.01789497398,1.682792353,0.2671563625
airFoil2D_SST_35.44_14.039_5.196_1.691_9.27,0.1223206809,0.3750683811,127.5541911,1.505276845,1.782217264,0.0240346808,1.603664279,-0.01105232816,1.787724257,0.02860809118,1.052009434,0.6818968058
airFoil2D_SST_35.49_10.54_0.884_6.154_1.0_10.173,0.06220160536,0.1146827463,78.14205317,0.5655181207,1.191535473,0.01579975896,1.150287271,0.01162928622,1.184661388,0.01546059549,0.9716373584,0.2550669909
airFoil2D_SST_35.507_5.777_1.428_6.645_0.0_10.474,0.1858367181,0.1257780751,59.44237638,0.2937437118,0.7448228598,0.01070824452,0.7508398294,-6.792187924e-05,0.765158236,0.01096434426,3.253820002,0.2585141659
airFoil2D_SST_35.516_-1.874_3.784_5.907_1.0_18.714,0.1268358062,0.1818760261,30.26993433,0.2558443258,0.1239162683,0.01122037694,0.1654054374,0.01008771639,0.1334129274,0.01132505853,6.826029551,0.1279013753
airFoil2D_SST_36.155_8.69_3.296_7.636_1.0_8.571,0.05576437859,0.1169649712,60.89798897,0.5525415268,1.289741635,0.01472872216,1.22488296,-0.008523033001,1.273425817,0.01437043864,1.03850256,0.6867207885
airFoil2D_SST_37.191_5.448_2.812_0.0_12.933,0.1553955296,0.09807884466,49.99396512,0.2767885802,0.5565971732,0.01039576903,0.5936611891,0.006083519198,0.5829787254,0.01075567957,3.185689345,0.09617242217
airFoil2D_SST_37.251_6.299_1.193_5.155_17.506,0.08953953257,0.08249573394,29.97750311,0.1983278403,0.6933259964,0.01269237231,0.7673814893,0.01202443801,0.7558131814,0.01295448467,2.384587301,0.04496598244
airFoil2D_SST_37.291_-2.407_6.767_0.0_6.039,0.5812797553,0.3389187118,123.8141149,0.8963724353,-0.177133739,0.008639844134,-0.1931724548,0.008347153664,-0.2631423175,0.008393038064,35.51428186,0.09476053715
airFoil2D_SST_38.268_-1.682_6.363_5.449_13.343,0.1564377526,0.2161716896,56.52150591,0.3520077178,0.5124620199,0.01117635798,0.4432503581,0.002159829717,0.5399146676,0.01120305341,10.35441915,0.4960926771
airFoil2D_SST_38.731_9.437_2.626_6.388_1.0_14.922,0.04489788636,0.05438978147,27.39033429,0.1895933297,1.180267334,0.016317131,1.152304053,0.004182202742,1.197959661,0.01623897441,1.323769006,0.07408165932
airFoil2D_SST_39.019_-2.224_0.696_4.875_13.154,0.04725281879,0.06977204774,12.78398041,0.1256081898,-0.2113073468,0.009568503127,-0.1632718742,0.01045960933,-0.1619052142,0.009600533172,10.60147551,0.2135367393
airFoil2D_SST_39.01_8.67_0.874_3.693_1.0_16.259,0.06067925005,0.08165672832,33.28464574,0.2779484749,0.8977090716,0.01396500692,0.9564177394,0.01689068973,0.9394221306,0.01412782818,1.436771335,0.04303324223
airFoil2D_SST_39.204_6.325_3.319_3.611_8.695,0.08597470105,0.1030267853,60.32429396,0.4505714086,1.027471066,0.01140091568,0.9648646712,-0.006356732454,1.026914477,0.01168775372,1.955948805,0.5074265599
airFoil2D_SST_39.31_8.883_4.707_0.0_12.552,0.08310439975,0.08806092391,73.50154772,0.4146263655,0.9345830679,0.01306598075,0.9541541338,0.006095314864,0.939066112,0.01306656655,1.136870327,0.0523647666
airFoil2D_SST_39.45_1.609_0.12_5.114_1.0_18.279,0.101598426,0.1099140006,37.82533589,0.1650301207,0.1017064452,0.01051120553,0.1852959394,0.01103230007,0.1694190204,0.01082696859,4.238153755,0.1612735093
airFoil2D_SST_39.497_-4.94_0.473_3.219_1.0_16.447,0.1981166158,0.09245629638,61.77491036,0.2234862367,-0.4972026944,0.01072579622,-0.4177682996,0.01737695374,-0.4783183634,0.01114715543,8.484669647,0.4235546589
airFoil2D_SST_39.741_14.642_3.175_3.316_1.0_10.583,0.0925243799,0.1709312167,175.1691686,1.019142135,1.655086994,0.02377606183,1.475242615,-3.586331513e-05,1.618652463,0.02643126249,1.094532414,0.05705296993
airFoil2D_SST_40.386_12.852_6.446_2.175_5.908,0.3168709547,0.688239135,692.4905014,4.491571807,1.612742186,0.02601718158,1.433450937,-0.07560747117,1.835400581,0.02533341199,1.01312689,0.2678129673
airFoil2D_SST_40.539_-2.945_3.79_7.613_1.0_16.903,0.1322759345,0.09339087306,43.17947768,0.2064600889,0.06171965599,0.01071790233,0.09379858524,0.01229011454,0.08598602563,0.0107203899,7.228988009,0.01905596256
airFoil2D_SST_40.676_-2.366_6.027_6.14_15.943,0.1705095038,0.2818389989,73.48858773,0.484810797,0.4168164432,0.01136180479,0.3239658177,0.005099625792,0.4300821126,0.01188758016,7.360348139,0.3884491026
airFoil2D_SST_40.889_1.007_0.351_5.275_0.0_13.936,0.07501838338,0.1125640154,27.3072198,0.1786211299,0.1017596126,0.009528601542,0.1449937969,0.009711024351,0.1372909248,0.009625558741,6.448713826,0.1328473687
airFoil2D_SST_41.044_-0.773_1.334_6.785_1.0_16.207,0.06659390599,0.1410173992,26.39382079,0.189461376,-0.02421224117,0.0100057628,0.05334468931,0.01231577247,0.04865893349,0.01014598273,6.097825302,0.2058910728
airFoil2D_SST_41.46_9.803_3.08_4.075_9.069,0.1140708773,0.1132809248,188.5948148,0.7902231573,1.356968999,0.01670397446,1.265838027,0.005337948445,1.347303033,0.01539843529,1.04998145,0.3243205547
airFoil2D_SST_41.987_6.655_3.211_6.639_1.0_12.572,0.2015742529,0.1234415521,90.87162092,0.3582809076,1.019912004,0.01270550583,0.9791451693,-0.003800553968,1.020069599,0.01274521463,2.098867332,0.1351512671
airFoil2D_SST_42.34_1.874_0.761_3.136_1.0_10.022,0.1115596471,0.1418955881,33.37928859,0.272493954,0.2686034441,0.008843230084,0.2694659233,0.0095890183,0.2542215884,0.008876411244,8.926521719,0.04236969352
airFoil2D_SST_42.852_2.968_4.36_4.68_15.63,0.0890777191,0.1035193211,40.27481615,0.2351233903,0.7611455917,0.01195982844,0.6778399348,0.008718921803,0.7634469271,0.01198183279,4.059609323,0.2487732768
airFoil2D_SST_43.007_1.079_3.697_3.071_1.0_12.272,0.10460019,0.1072416043,33.42099,0.1750011528,0.325106442,0.009564369917,0.3644300699,0.01681730337,0.3515321314,0.009593703784,7.518808876,0.087785393
airFoil2D_SST_43.071_6.024_6.914_5.245_8.861,0.1072446447,0.0937092072,108.2914805,0.588634179,1.313553333,0.01403257065,1.096078634,-0.02365999855,1.399172783,0.0149151627,2.058482016,0.6634086967
airFoil2D_SST_43.22_2.151_0.231_7.553_1.0_8.814,0.2681612762,0.2564443328,66.47767986,0.5392848881,0.2725961208,0.008639010601,0.2706785798,0.01018887851,0.2619852424,0.008633697405,9.750605953,0.04532399774
airFoil2D_SST_43.485_4.923_6.434_0.0_16.699,0.09490707408,0.09003751781,39.16107236,0.2410231684,0.4719160199,0.01092502847,0.5475131869,0.01243047509,0.5136647224,0.01114593539,2.446605542,0.183039546
airFoil2D_SST_43.677_-1.764_0.243_7.109_0.0_19.17,0.08707999463,0.1401875499,39.15360819,0.2305555944,-0.2020494938,0.01069142763,-0.1394512206,0.0149000762,-0.1496569216,0.01087458897,4.543304782,0.3320436478
airFoil2D_SST_43.705_13.408_1.172_7.422_1.0_10.039,0.0285796566,0.06766809463,81.21403213,0.6312408894,1.467392921,0.02335536852,1.447602868,0.0189359989,1.464735389,0.02127373219,1.077106893,0.1315295696
airFoil2D_SST_44.227_-4.876_2.759_4.844_17.236,0.1189173677,0.090168514,51.02766539,0.2236212238,-0.3005891442,0.01079975627,-0.2222143859,0.01361999847,-0.2270797789,0.0108504761,6.889871331,0.3505039811
airFoil2D_SST_44.638_-2.059_2.312_4.328_1.0_17.415,0.06946185897,0.1161725565,30.85228173,0.2347610602,-0.08029145002,0.01032202132,0.001461573062,0.0154526066,-0.03935065866,0.01033164095,5.552255971,0.2496127486
airFoil2D_SST_44.995_5.582_0.618_7.104_1.0_16.596,0.07879903733,0.06590635225,36.63681077,0.2041105057,0.6005860567,0.01135758776,0.664332211,0.01277926657,0.6363906264,0.01158216037,2.096937937,0.1974102855
airFoil2D_SST_45.059_0.002_4.332_6.389_8.438,0.4157168732,0.641531369,167.4676608,1.202321441,0.3935317099,0.008757086471,0.3930171132,0.002461654833,0.5848790407,0.009353652596,14.15256663,0.1813603938
airFoil2D_SST_45.238_3.827_0.257_4.609_15.737,0.08208353381,0.08402685796,36.28514924,0.2194370191,0.3865633011,0.01029492915,0.4477320611,0.01166095585,0.4263869226,0.01047267485,3.052649043,0.2068399787
airFoil2D_SST_45.331_8.408_0.677_4.87_1.0_6.642,0.06203684801,0.1034835455,125.3868461,0.9486785631,1.001790524,0.01302939933,0.972579658,0.01787827723,0.9582077265,0.01221693493,0.9629610831,0.02329289913
airFoil2D_SST_45.931_0.03_3.709_7.593_0.0_14.706,0.05973692608,0.1263287797,29.50911464,0.24145095,0.3887182772,0.01023904327,0.3847205639,0.009757001884,0.4012238085,0.01023853105,5.597979817,0.01984652877
airFoil2D_SST_46.153_14.283_2.481_0.0_17.366,0.03704078301,0.06157738884,64.17772821,0.4644785501,1.340502262,0.02295689471,1.380436182,0.02686968818,1.335584879,0.02327572368,1.108306144,0.3722544909
airFoil2D_SST_46.385_3.538_4.58_2.02_19.22,0.0898349411,0.09379297478,45.86713785,0.2089200543,0.732704401,0.01322888676,0.7558284402,0.02778860182,0.7484013438,0.01316400431,2.399740136,0.0785959959
airFoil2D_SST_47.017_-4.369_4.85_6.296_6.401,0.6786617187,0.5082796202,435.5639404,2.89701783,-0.03860783577,0.008938273415,0.007974102162,0.02067114972,0.1772370487,0.008862344548,23.88291667,0.07474774122
airFoil2D_SST_47.569_6.831_5.929_1.976_17.811,0.1054180712,0.09359313307,60.33546563,0.2710526009,1.117926836,0.01690334827,1.170964003,0.0311920587,1.19129324,0.01709332131,1.68110679,0.07728409767
airFoil2D_SST_47.789_3.639_3.974_7.872_1.0_16.005,0.06425957878,0.07441725329,34.8564049,0.194187344,0.8199017644,0.01232755464,0.7626213431,0.008929340169,0.8049531579,0.01220304519,2.963429755,0.103166461
airFoil2D_SST_48.233_10.709_5.735_0.0_13.559,0.04485132402,0.07612518555,80.73093474,0.5120693941,1.112409353,0.01561542694,1.14733386,0.01817683131,1.11318779,0.01487518474,1.187444054,0.2423303127
airFoil2D_SST_48.999_7.352_4.239_5.813_7.804,0.136610498,0.08919267167,298.1423823,0.9307558504,1.280962944,0.01329759136,1.166796207,-0.001887896564,1.299356937,0.01330434904,1.049777424,0.3007513881
airFoil2D_SST_49.099_14.068_3.006_4.916_1.0_11.985,0.1051582943,0.2060025134,236.9768341,1.635634425,1.632771492,0.0236559771,1.530326247,0.002266039373,1.604214191,0.02411216311,1.065473693,0.1537165642
airFoil2D_SST_50.206_7.207_3.049_5.713_11.406,0.04502119837,0.05300948983,65.89991986,0.3894800022,1.103979349,0.01265284419,1.032594442,-0.007004833315,1.130788684,0.01269820612,1.258694715,0.00868499279
airFoil2D_SST_50.26_6.348_0.664_2.664_6.806,0.03637967612,0.07489460299,57.91460672,0.6475839532,0.7482826114,0.009895081632,0.7844944596,0.009061441757,0.757674098,0.009997754358,1.024097702,0.1778404713
airFoil2D_SST_50.859_8.157_3.691_6.731_14.438,0.1031731584,0.09623213481,141.2480407,0.6177357493,1.247169018,0.01555889286,1.167131543,0.008770436049,1.284150243,0.01578667015,1.345440649,0.01980853081
airFoil2D_SST_51.101_7.597_0.458_3.077_0.0_14.85,0.08058122521,0.06802601746,70.00792206,0.3691419271,0.8350666165,0.01202093251,0.8666164279,0.01112943701,0.8241274953,0.01202669647,1.388095437,0.2975113988
airFoil2D_SST_52.195_-1.473_3.503_3.753_13.675,0.05774961203,0.09467931759,36.79950099,0.2448590519,0.1792237759,0.009480986744,0.1631527692,0.008858299814,0.2023747563,0.009415259585,6.435654542,0.2016588748
airFoil2D_SST_52.403_3.314_3.418_5.667_0.0_10.515,0.1480410858,0.1432692288,78.13411514,0.3969600519,0.6857391,0.009760972112,0.6437579989,0.001757663675,0.6717963219,0.009767537005,4.950168635,0.0005651116371
airFoil2D_SST_52.518_12.114_1.135_6.268_0.0_5.676,0.05620074867,0.1262206708,374.6941479,2.896606973,1.352740288,0.02339026332,1.339929342,0.03812133148,1.324682951,0.02374627255,1.013558727,0.1578059196
airFoil2D_SST_53.509_6.273_1.063_0.0_7.271,0.06572883386,0.09347380233,118.9492531,0.805425575,0.7172074318,0.009943237528,0.7357096672,0.008709551767,0.6844260693,0.009751516394,,
airFoil2D_SST_53.794_-1.06_0.949_6.535_1.0_18.71,0.05956198963,0.07560570907,42.83925225,0.2004983633,-0.04812550545,0.01036128867,0.01734533533,0.0163758602,-0.01973898523,0.01030426286,,
airFoil2D_SST_53.943_5.835_1.916_4.258_1.0_17.602,0.05943414711,0.04350649079,42.85177843,0.1889207951,0.7513242364,0.01215121336,0.7690317631,0.02375322953,0.7364593744,0.01208659261,,
airFoil2D_SST_54.238_7.911_2.123_3.832_1.0_9.902,0.2220603632,0.135571392,259.4933487,0.8057284058,1.024238348,0.01118145138,1.026349068,-0.001039092778,1.004199982,0.01171281561,,
airFoil2D_SST_54.799_-2.718_5.872_6.096_7.675,0.2775108618,0.1807769493,189.0143334,0.9241827886,0.2301068902,0.00889518857,0.1838588417,0.01054932829,0.4703285992,0.00906056352,,
airFoil2D_SST_55.077_8.22_6.909_2.893_8.962,0.3967512932,0.4074888346,510.8938576,2.382393192,1.517730236,0.01456490904,1.309709072,-0.03729950637,1.532231927,0.01548000239,,
airFoil2D_SST_55.308_7.17_6.477_0.0_18.743,0.08864992942,0.07805044397,70.52329049,0.4038314263,0.7768093348,0.01263962314,0.8062067628,0.01818502694,0.725441277,0.01244010311,,
airFoil2D_SST_55.312_11.209_2.831_6.36_12.435,0.09160916711,0.06930975293,266.6960823,0.7709826781,1.421900272,0.01872108318,1.376856089,0.007048449013,1.47703135,0.01788011938,,
airFoil2D_SST_55.738_5.776_4.948_4.671_16.637,0.07084024021,0.06238802335,60.71677289,0.3085599076,1.108035564,0.01462530158,1.024549365,0.01094225235,1.088246822,0.01441050973,,
airFoil2D_SST_56.39_-3.195_4.964_2.726_18.605,0.1157645499,0.1387495074,77.93220149,0.4264957752,0.09834063053,0.0108724935,0.1245591491,0.01362016704,0.1174461991,0.01061575022,,
airFoil2D_SST_56.549_-4.731_1.476_6.357_0.0_17.547,0.07132750161,0.1038349656,48.55296397,0.3070572475,-0.4052549005,0.01066306047,-0.3104368746,0.0098375706,-0.3468487859,0.01048805844,,
airFoil2D_SST_57.682_-2.023_5.676_5.094_12.787,0.1635134608,0.1558596386,128.4438123,0.5403608267,0.4377571344,0.009706176817,0.3148088753,0.002556289779,0.4292279184,0.009779248387,,
airFoil2D_SST_57.812_8.479_2.45_0.0_13.247,0.06124819344,0.05924794472,102.61575,0.4782964276,0.9218318462,0.01222617552,0.9380266666,0.00569094019,0.9003548026,0.01200082898,,
airFoil2D_SST_58.038_-4.278_2.807_7.062_1.0_8.833,0.6537586248,0.4768598268,653.9236851,2.998028534,-0.1091485023,0.009126494639,-0.1176483855,0.02284502238,-0.1730672717,0.008704267442,,
airFoil2D_SST_58.451_-4.262_3.372_4.615_1.0_19.965,0.1166795207,0.146312086,79.17028355,0.4604808997,-0.2259164453,0.0109399315,-0.1381092519,0.008991059847,-0.1659068912,0.01074564084,,
airFoil2D_SST_58.57_-1.369_3.793_3.749_1.0_19.086,0.100633231,0.1211600879,66.53403652,0.3621281177,0.1200984716,0.01043235138,0.1691814065,0.02185326442,0.1163722649,0.01036042813,,
airFoil2D_SST_58.859_13.222_0.658_5.498_17.478,0.03489996239,0.0596443937,90.24494441,0.5510974252,1.30654788,0.02044880949,1.334727049,0.02576268092,1.333751917,0.02027285472,,
airFoil2D_SST_58.936_8.84_0.236_5.883_5.629,0.06698447083,0.1378637493,328.3256095,2.912313009,0.9686223269,0.01382019185,0.9776843786,0.0204127226,0.9729027748,0.01347045507,,
airFoil2D_SST_59.086_9.398_0.12_7.508_1.0_17.704,0.04378603274,0.0594363354,61.02112172,0.4200171418,0.9707251191,0.01402264368,0.9844020009,0.01332034357,0.9568809867,0.01388284378,,
airFoil2D_SST_59.225_-4.585_3.966_4.454_18.289,0.07774959137,0.1077728394,71.80313186,0.4284676628,-0.160315752,0.0107009355,-0.1263748705,0.00735444203,-0.08822780848,0.01056432724,,
airFoil2D_SST_59.245_2.515_1.376_6.044_17.151,0.0686193854,0.06286554038,54.76956903,0.2241847514,0.3684696257,0.01024533343,0.3674916327,0.01335673686,0.4156915247,0.01028267108,,
airFoil2D_SST_59.266_-3.994_5.206_2.719_14.894,0.227918996,0.1768378528,149.2047623,0.7456263529,0.05479288101,0.01027015969,0.05584905669,0.01354806963,0.07556307316,0.009789437056,,
airFoil2D_SST_59.54_7.06_1.755_5.581_0.0_16.764,0.03602486362,0.04323646196,35.32371961,0.2314845273,0.8759899735,0.01238620002,0.8840352297,0.01005189028,0.8787247539,0.01249154564,,
airFoil2D_SST_59.56_-4.362_1.048_5.664_1.0_18.157,0.04647590506,0.09083600695,38.76889491,0.3309617923,-0.3968538642,0.01054187398,-0.3259025514,0.01033852901,-0.3519794643,0.01049753185,,
airFoil2D_SST_59.682_-3.433_2.583_6.336_0.0_19.86,0.07040560609,0.1133250756,56.14754931,0.3418884951,-0.146224916,0.01072775479,-0.08532309532,0.01223098952,-0.109408401,0.01061862148,,
airFoil2D_SST_59.75_10.766_1.309_0.0_13.674,0.05435243289,0.06619816236,149.9317751,0.6573067333,1.106929064,0.01474151108,1.138797045,0.0124639133,1.119697332,0.01440266334,,
airFoil2D_SST_59.789_11.839_4.032_0.0_6.722,0.07467898123,0.1546169349,565.4446609,3.778813491,1.270894527,0.01875045151,1.211669326,0.0351638943,1.220717907,0.0201529786,,
airFoil2D_SST_59.921_-3.747_1.144_3.005_1.0_6.322,0.7642319916,0.5849687695,866.5689148,4.331317426,-0.2265684009,0.008360394277,-0.2380702496,0.02092910372,-0.3410087824,0.008200578392,,
airFoil2D_SST_60.182_1.471_0.846_5.446_1.0_5.533,0.4657086071,0.6238266648,193.677307,1.822377838,0.1923441887,0.007501462474,0.2342272997,0.001850532717,0.2366215587,0.007557764184,,
airFoil2D_SST_60.295_-0.953_1.701_6.885_1.0_6.221,0.1831886216,0.1869467839,100.8594105,0.8521104204,0.09172296524,0.007686878089,0.07756381482,0.004890348297,0.07130143791,0.007619856391,,
airFoil2D_SST_60.541_2.401_0.081_0.0_16.295,0.05253961519,0.06303977993,41.8776552,0.2148549219,0.2441057265,0.009729337879,0.2642291188,0.01268628053,0.2509028316,0.009701866657,,
airFoil2D_SST_60.845_6.456_1.199_7.473_0.0_6.09,0.1965704973,0.1307244525,502.5549344,1.74563694,0.836128056,0.01012850273,0.8585827947,-0.003887318308,0.8334223032,0.009861398488,,
airFoil2D_SST_61.301_0.196_6.046_2.274_10.855,0.2027577754,0.2201421169,148.5116088,0.8095165821,0.6117309332,0.009480437264,0.5365988016,0.003672352061,0.6166107059,0.009542647749,,
airFoil2D_SST_61.642_14.277_1.498_5.176_0.0_16.386,0.04282002799,0.07190965457,127.1530628,0.812255203,1.456105232,0.02252200432,1.454892516,0.03010527417,1.464355707,0.0237443652,,
airFoil2D_SST_61.676_0.83_2.7_0.0_12.742,0.07225729569,0.099857648,45.61471615,0.3260446043,0.1054259539,0.00874938909,0.1090446636,0.01005424839,0.09203438461,0.00870362483,,
airFoil2D_SST_61.728_9.994_3.311_7.957_1.0_7.685,0.1344495347,0.1629085637,568.9429619,2.281850896,1.518816352,0.01647347957,1.370025873,-0.01715292595,1.422470808,0.01481728815,,
airFoil2D_SST_62.562_4.388_6.255_0.0_6.292,0.09760159526,0.07762540952,149.8224208,0.8069346929,0.5118795633,0.008462770842,0.4958755076,0.007801856846,0.4834246039,0.008356546052,,
airFoil2D_SST_62.607_8.578_0.875_0.0_8.812,0.0702030647,0.06299235385,228.3778165,0.9176778731,0.9459819794,0.0116124358,0.9388690591,0.003124682698,0.9258393049,0.01150752045,,
airFoil2D_SST_62.644_9.845_4.588_0.0_7.441,0.04962582582,0.1063985903,277.2329095,1.97493248,1.068547368,0.0137340501,1.050015688,0.01498070173,1.05129528,0.01352127176,,
airFoil2D_SST_62.723_-1.384_2.243_6.46_0.0_8.85,0.165533798,0.1874137669,105.9021376,0.7734041809,0.1159901619,0.008148942143,0.07464617491,0.006322530564,0.0708412081,0.00805627089,,
airFoil2D_SST_63.019_8.632_2.096_5.269_0.0_11.982,0.1114660068,0.09936416671,196.510428,0.8024602645,1.069468617,0.01205787249,1.053768873,-0.00438269088,1.099045634,0.01257704198,,
airFoil2D_SST_63.402_0.697_0.552_4.569_0.0_19.052,0.05121034084,0.06756378259,53.33373309,0.2275076787,0.112635076,0.01015329361,0.1426068395,0.01523041073,0.1101616994,0.01012554113,,
airFoil2D_SST_63.433_6.161_3.278_0.0_6.358,0.05235112106,0.06340297589,170.4620412,0.9291949036,0.7094603777,0.00947466772,0.6746316552,0.003503319109,0.6734968424,0.00937739294,,
airFoil2D_SST_63.558_0.533_2.903_5.904_14.47,0.1018189946,0.1022722066,99.54834765,0.4073848344,0.3654673994,0.009449777193,0.3003644943,0.006670906674,0.4065590203,0.009542677552,,
airFoil2D_SST_63.757_8.194_0.641_6.49_16.591,0.05841762923,0.05436976472,89.07908222,0.4243566591,0.897007823,0.01250220183,0.8842403889,0.006650488358,0.9213352203,0.01264106389,,
airFoil2D_SST_64.12_14.249_1.383_3.978_16.037,0.03174149804,0.04774875818,110.3251348,0.6432545445,1.456521153,0.02252299339,1.465349436,0.0248319339,1.485013843,0.02301269025,,
airFoil2D_SST_64.144_0.932_1.956_3.115_0.0_17.336,0.05897372343,0.07748154548,56.12304465,0.2767570415,0.211530745,0.009828541428,0.2358914018,0.01648473926,0.2185533792,0.009805364534,,
airFoil2D_SST_64.163_5.971_3.082_0.0_19.379,0.05050521078,0.05391597739,46.37904026,0.3101145159,0.6359170675,0.01146622468,0.6573081613,0.01539554168,0.5985001922,0.0115870852,,
airFoil2D_SST_64.171_10.66_1.42_3.551_11.686,0.05054290429,0.08260612853,191.0200276,0.9140705996,1.23325634,0.01483240537,1.231838346,-0.002323176479,1.261736751,0.0145951733,,
airFoil2D_SST_64.173_1.751_1.546_7.336_1.0_18.982,0.0489355554,0.07463052922,52.08218825,0.2727214619,0.3185029328,0.01046918891,0.3435033262,0.01522222627,0.3279300928,0.01044575963,,
airFoil2D_SST_64.341_8.316_0.545_6.883_1.0_16.251,0.03449775796,0.03853887888,54.25522671,0.2993873764,0.9032230377,0.01243180595,0.8934216499,0.006063599139,0.9131746888,0.01254355814,,
airFoil2D_SST_64.598_8.654_3.566_5.34_7.491,0.06981517781,0.05112082204,378.5848362,1.089059897,1.366831303,0.01382795069,1.22914803,-0.004278178327,1.339356303,0.01348392013,,
airFoil2D_SST_65.002_11.743_1.823_7.599_1.0_15.595,0.03151368099,0.07109709113,81.36470413,0.7745319252,1.338748217,0.01778091118,1.327848792,0.01244641934,1.354516864,0.01783217676,,
airFoil2D_SST_65.137_-0.857_1.659_4.203_1.0_7.197,0.1826231549,0.2035979814,109.0185903,0.9575144159,0.0626809001,0.00771176815,0.0570698753,0.005564048421,0.03097825125,0.007645603269,,
airFoil2D_SST_65.163_5.647_2.202_2.997_5.159,0.1550972602,0.1428882512,394.7013476,1.994887425,0.8321742415,0.009568823501,0.8145610094,0.002851652913,0.8409147859,0.009337385185,,
airFoil2D_SST_65.202_-3.411_1.499_5.063_12.467,0.09077254567,0.05905018314,72.33925338,0.3320907132,-0.1887942553,0.008953365497,-0.1997699887,0.0061675529,-0.1976424903,0.008833714761,,
airFoil2D_SST_65.717_9.69_2.928_3.947_15.912,0.05447821855,0.04996019742,113.4014272,0.4417787672,1.233885765,0.01548227295,1.206846833,0.008116131648,1.269889355,0.01567999274,,
airFoil2D_SST_66.817_3.963_6.749_0.0_5.301,0.3533999799,0.2159717101,489.3541325,2.255119638,0.5166294575,0.008260229602,0.4434573054,0.01092063822,0.4363902509,0.007990138605,,
airFoil2D_SST_67.706_-0.1_1.95_5.358_10.058,0.1583825342,0.3032964967,142.5935351,1.002829353,0.1908060908,0.008041791618,0.1606400311,0.004490676336,0.2286296487,0.008187281899,,
airFoil2D_SST_67.783_-2.041_4.431_3.865_18.25,0.06346651859,0.0854960401,77.79465589,0.3713850442,0.2207083106,0.01041345485,0.1929153651,0.01230756752,0.2128403038,0.01023457106,,
airFoil2D_SST_68.096_11.613_1.485_4.441_1.0_11.892,0.1110325612,0.1107359995,371.1854727,1.460126905,1.339886904,0.01599878259,1.301475286,-0.001432548743,1.323188186,0.01564938389,,
airFoil2D_SST_68.256_7.603_0.268_7.095_0.0_11.801,0.04197894904,0.0470596844,93.78288488,0.4826293656,0.8629649878,0.01073570363,0.8449092507,0.002092082286,0.8468399048,0.01083392091,,
airFoil2D_SST_69.059_3.724_3.171_4.629_1.0_6.078,0.9585014656,0.7043993145,580.1023643,3.260244597,0.6995022297,0.008512724191,0.648506701,-0.006473701913,0.6616873145,0.008447530679,,
airFoil2D_SST_69.687_7.38_3.55_0.0_14.415,0.06011418155,0.06566689706,104.8959771,0.5756980741,0.799008131,0.01095750369,0.7789163589,0.00647774525,0.7859376073,0.01103292033,,
airFoil2D_SST_70.228_11.772_6.988_2.903_7.517,0.2245565718,0.4001019201,1316.875943,6.330216641,1.904667377,0.02312440798,1.495964408,-0.06475239992,1.840981722,0.02057473548,,
airFoil2D_SST_70.291_2.396_6.998_5.692_7.274,0.5154841288,0.2336165311,663.4894377,2.006102844,0.8174620867,0.009235911071,0.6334520578,-0.01333427709,1.119368315,0.01076429524,,
airFoil2D_SST_70.349_11.188_2.899_4.134_1.0_13.659,0.10369101,0.1117054224,293.378468,1.276524418,1.349850655,0.01565492712,1.301088929,0.01020875387,1.364264488,0.01621282287,,
airFoil2D_SST_70.983_-3.536_6.368_0.0_7.157,0.2617300754,0.2579203479,298.9790569,2.125368829,-0.2479964495,0.008016727865,-0.2956856489,0.004011029378,-0.38851735,0.007968846709,,
airFoil2D_SST_71.208_7.824_6.959_4.175_15.338,0.08697673049,0.0655065212,162.9946685,0.6204027889,1.443000793,0.01728898287,1.39280045,0.007282841485,1.453756332,0.0183793623,,
airFoil2D_SST_71.226_3.333_2.424_2.411_10.928,0.1009732212,0.0736347043,106.5547863,0.4686157394,0.5823269486,0.009019128978,0.5514677763,0.000914863951,0.6070307493,0.009051933885,,
airFoil2D_SST_72.141_12.23_1.127_4.281_1.0_10.461,0.09626342491,0.07764622602,541.6910983,1.3900195,1.379369974,0.01677884348,1.367831349,0.0003231706796,1.359027386,0.01631820761,,
airFoil2D_SST_72.611_-2.163_0.02_6.478_0.0_14.131,0.05190541934,0.0663850958,56.0416771,0.3661340627,-0.2022045851,0.008750595152,-0.1809393466,0.008840228431,-0.2307474762,0.008891040459,,
airFoil2D_SST_73.068_7.205_1.715_4.528_1.0_18.018,0.04300723888,0.04094626278,65.23049049,0.3145829704,0.8536118269,0.01225917321,0.8610568047,0.01424564421,0.865413785,0.01240772754,,
airFoil2D_SST_73.459_-1.971_2.825_4.417_0.0_16.891,0.1061695722,0.1155573369,108.4454231,0.5272791952,-0.004057645798,0.009493642487,0.05481253564,0.01720911451,0.009737784043,0.009399061091,,
airFoil2D_SST_73.692_11.215_3.983_6.074_12.055,0.03916633547,0.05779408357,239.2226965,1.163481613,1.609928846,0.01938231662,1.490333915,-0.0008178390563,1.593257189,0.01848093793,,
airFoil2D_SST_73.967_-1.295_1.592_4.266_1.0_16.148,0.07124082748,0.09348374629,82.14336462,0.4215620399,-0.01502966881,0.009232740849,0.0280412212,0.01355824806,-0.01622031443,0.009155052714,,
airFoil2D_SST_74.033_-0.601_1.517_3.622_0.0_10.34,0.1161110407,0.1316337772,109.6222244,0.6377402508,0.05250746012,0.007952909917,0.0973296538,0.006567166653,0.04058269039,0.007984304801,,
airFoil2D_SST_74.044_-0.131_0.701_3.971_0.0_15.683,0.05239362543,0.06279018295,68.74873148,0.2702199002,0.04921972752,0.009051987901,0.08443778008,0.01047130581,0.03713565692,0.009031193331,,
airFoil2D_SST_74.272_3.789_5.009_2.87_14.319,0.08904825426,0.07888317969,123.2605459,0.4773598355,0.8496958613,0.01103550196,0.799469173,0.005533181597,0.8996994495,0.01107240096,,
airFoil2D_SST_74.904_11.928_3.13_4.428_0.0_10.283,0.2173972438,0.2332758245,990.997298,3.7209068,1.598200798,0.018059019,1.408556104,-0.01712412387,1.481607795,0.0165545363,,
airFoil2D_SST_74.924_10.466_3.207_0.0_15.011,0.04969127163,0.08984751451,175.5375145,1.080807802,1.078787923,0.01378374174,1.100068808,0.01152986474,1.088305712,0.01369307563,,
airFoil2D_SST_75.101_-3.321_6.728_6.938_17.749,0.2556068008,0.2560821764,369.5586367,1.57763094,0.3823946118,0.01088145282,0.2807527184,0.008478425443,0.4326913655,0.01258659642,,
airFoil2D_SST_76.324_13.23_3.356_4.179_0.0_6.321,0.1367830773,0.1900761843,1381.526876,5.084997988,1.633785009,0.0227314122,1.497252345,0.01961007155,1.600000739,0.02010710165,,
airFoil2D_SST_76.343_0.584_1.898_5.246_0.0_18.069,0.06962605931,0.07135564884,102.6094365,0.3152411115,0.2106813788,0.00974104926,0.2547453642,0.01529957075,0.2171160281,0.009699251503,,
airFoil2D_SST_78.068_-2.258_1.532_4.616_1.0_18.367,0.08933257614,0.08204746944,134.6796873,0.4371714425,-0.1204282641,0.009522060864,-0.08267435431,0.01750930771,-0.1116372943,0.009631406516,,
airFoil2D_SST_78.105_-0.517_5.9_0.0_15.034,0.06124932438,0.05690157225,84.4290395,0.2847733234,-0.02171301842,0.00875848718,0.0101260813,0.01045453735,-0.04998187348,0.008807360195,,
airFoil2D_SST_78.164_-1.095_4.121_3.479_6.946,0.1756554793,0.1378430957,186.8614036,1.149925132,0.3750207424,0.007797800936,0.3001519442,0.001786997775,0.320972681,0.007705891971,,
airFoil2D_SST_78.501_14.686_1.641_0.0_17.637,0.07093259825,0.05587312788,365.0081797,1.060751054,1.359125972,0.02112940699,1.362370014,0.02511110902,1.393615723,0.0218304731,,
airFoil2D_SST_79.502_3.387_4.058_0.0_17.153,0.07534729149,0.1118641631,107.1566971,0.6661134768,0.3914802074,0.009633646347,0.3936650157,0.01175434235,0.3572306931,0.009664679877,,
airFoil2D_SST_79.552_4.065_0.184_6.952_14.205,0.1018244783,0.1199481603,128.8824169,0.8503899513,0.4988911152,0.009273711592,0.475405544,0.008956019767,0.46235165,0.009251008742,,
airFoil2D_SST_80.247_1.078_1.298_5.983_0.0_5.593,0.1705945651,0.2296461056,154.5438153,1.15694933,0.2179458737,0.007023531012,0.2693011165,0.004169960506,0.2409861535,0.007204130758,,
airFoil2D_SST_80.611_-1.934_4.377_0.0_7.627,0.2587364308,0.1845390008,264.0804274,1.268469317,-0.0857399106,0.007262155879,-0.104589805,0.001802848885,-0.2128968388,0.007519544102,,
airFoil2D_SST_80.715_4.776_3.703_6.357_1.0_11.797,0.1914305133,0.1185535608,258.0754966,0.8786115456,0.8714801669,0.01000825409,0.8342039585,-0.002030235715,0.8818433881,0.01022136584,,
airFoil2D_SST_80.801_6.115_3.214_4.553_1.0_8.054,0.3325221369,0.2958871749,555.9621097,2.720172619,0.9575842023,0.009528238326,0.9141552448,-0.002770803869,0.9239783883,0.009761855938,,
airFoil2D_SST_81.115_-3.901_4.771_2.338_11.129,0.1437212682,0.1427504989,258.3012809,1.485530885,0.03185939789,0.008650481701,0.05309837684,0.005884108134,0.04609202966,0.008619277738,,
airFoil2D_SST_81.138_14.286_2.69_1.944_10.511,0.05318784983,0.05792905766,565.8930559,1.622211038,1.715015173,0.02378096059,1.519734144,-0.01073089521,1.673537135,0.02166150883,,
airFoil2D_SST_81.349_2.289_1.592_3.425_10.894,0.06473485531,0.07440479626,72.82265913,0.4957783956,0.4186954796,0.008410301991,0.4181660712,0.005933040287,0.4203755558,0.008352278732,,
airFoil2D_SST_81.551_-0.327_1.68_2.563_19.333,0.09132731918,0.08398919929,164.9567788,0.4764858135,0.1123708487,0.009676498361,0.1543319225,0.01894106716,0.1140491292,0.00978777837,,
airFoil2D_SST_81.645_7.57_2.408_5.987_11.876,0.1565466605,0.09875187888,554.9300358,1.38499049,1.061306953,0.01116312761,1.009154439,0.003625288839,1.113436341,0.01169039495,,
airFoil2D_SST_82.21_13.462_0.176_6.355_0.0_12.645,0.04649164687,0.08796405575,384.4061607,2.539037105,1.332147121,0.01819722541,1.359706879,0.01802051812,1.38983798,0.01793109439,,
airFoil2D_SST_82.474_-3.457_1.866_7.496_0.0_16.213,0.07757114525,0.06686066308,108.8453078,0.4215803657,-0.1648045778,0.009202140383,-0.1395308375,0.01473591197,-0.1663592905,0.009225795977,,
airFoil2D_SST_82.537_6.598_2.148_5.703_1.0_12.892,0.05939404742,0.05088802679,121.8548465,0.5021932787,0.8991993666,0.0102947494,0.8780985475,0.002728985157,0.9060407877,0.0106999753,,
airFoil2D_SST_82.708_1.905_2.307_5.28_1.0_16.618,0.07097193338,0.065636807,113.9820189,0.3535576843,0.381228596,0.009641291574,0.4320981205,0.01391220838,0.3975940645,0.009558410384,,
airFoil2D_SST_83.38_-2.726_5.005_0.0_14.408,0.08370599681,0.08942202212,119.8717007,0.6867368566,-0.2274298072,0.008624084294,-0.2235675901,0.01225548517,-0.2891747653,0.008830967359,,
airFoil2D_SST_84.137_13.126_3.096_3.725_0.0_14.021,0.1228394903,0.100912756,661.3512922,2.007985354,1.565199852,0.02017781325,1.416517615,0.0009741436807,1.527554274,0.01937986538,,
airFoil2D_SST_85.752_6.341_0.382_6.715_8.448,0.3412057836,0.2000346579,1130.470994,3.35802286,0.7368429303,0.008892375976,0.7211277485,0.02045995556,0.7496516109,0.009258304723,,
airFoil2D_SST_86.061_2.445_0.422_5.645_19.256,0.09167911863,0.1196429067,154.1599177,0.7755373435,0.3279679716,0.009787298739,0.3581080735,0.01674719155,0.2892833948,0.009889298119,,
airFoil2D_SST_86.166_13.513_6.09_3.38_7.324,0.1901122557,0.2125083759,2569.236699,8.199789501,1.888498545,0.02741960622,1.536702394,-0.02129293233,1.893269658,0.02422608994,,
airFoil2D_SST_86.326_9.572_2.09_6.863_0.0_12.995,0.06088613728,0.04295128233,260.6017988,0.682149016,1.227667809,0.01335120294,1.185733318,-0.004677349236,1.221762896,0.01321292482,,
airFoil2D_SST_86.745_2.442_0.921_0.0_6.854,0.4402176501,0.2371510908,464.9821194,2.093659941,0.3444425166,0.007557143457,0.3093744516,0.01225361414,0.2705060542,0.007395055611,,
airFoil2D_SST_86.75_14.13_0.471_5.71_17.904,0.08527472364,0.07480262854,494.9873814,1.584503759,1.345762491,0.02040540427,1.312988758,0.01469694544,1.399318814,0.0206564106,,
airFoil2D_SST_86.999_4.281_3.703_4.242_1.0_7.47,0.4889027194,0.4120445532,576.018095,2.750220225,0.8194839954,0.008838434704,0.7572468519,-0.001543606399,0.7535591125,0.008714859374,,
airFoil2D_SST_87.005_2.047_1.955_5.456_13.769,0.1012937643,0.1228497314,165.5510385,0.8553037683,0.4454149306,0.008949296549,0.4319591522,0.008487012237,0.4546632767,0.00890485011,,
airFoil2D_SST_87.122_9.543_1.939_7.623_0.0_18.823,0.1313569588,0.07541819078,375.8203631,0.9387996849,1.174736261,0.01544196904,1.181941748,0.004724194761,1.13986969,0.01516617648,,
airFoil2D_SST_87.291_7.541_4.057_0.0_17.571,0.07086050484,0.08051885121,171.8011264,0.9318157259,0.8532409668,0.01138447691,0.8243890405,0.0135886576,0.7832477689,0.01139403228,,
airFoil2D_SST_87.86_9.36_4.554_3.608_8.92,0.1462424605,0.09385686959,921.1246415,2.199382352,1.54386878,0.01549547259,1.342932701,-0.006505637895,1.461963177,0.0137993684,,
airFoil2D_SST_88.059_8.244_0.417_6.024_1.0_14.488,0.07535779659,0.07850961053,228.3383822,1.104902812,0.9456686974,0.01131515019,0.9309481978,0.01197687071,0.9133285284,0.01134087425,,
airFoil2D_SST_88.307_-4.328_3.461_7.533_0.0_15.226,0.2273325528,0.129268938,363.2988809,1.267175295,-0.07011252642,0.008946929127,-0.04165465757,0.007717743516,-0.08846656978,0.009127264842,,
airFoil2D_SST_88.876_8.65_5.651_2.009_12.21,0.1872672875,0.2380558125,549.3591285,2.590324491,1.453347445,0.01464265771,1.368732214,-0.008525480516,1.444717407,0.0145549383,,
airFoil2D_SST_89.324_10.448_2.949_4.158_1.0_10.198,0.1086259532,0.1166029072,576.3081819,2.234435118,1.407656193,0.01484520081,1.270126939,-0.008771070279,1.332192063,0.01370004751,,
airFoil2D_SST_89.338_1.322_3.719_4.337_14.632,0.06532777999,0.0847441987,125.9556751,0.627077256,0.5082211494,0.009370855987,0.5020547509,0.008210999891,0.5442004204,0.009342870675,,
airFoil2D_SST_89.398_3.144_2.383_4.897_1.0_14.52,0.08270565202,0.05393579868,144.0020858,0.4118840917,0.5332294703,0.009372837842,0.5602050424,0.009750366211,0.5369107127,0.00931723509,,
airFoil2D_SST_89.523_6.267_4.381_6.934_14.085,0.335628059,0.1825319616,969.1093051,2.463470996,1.135387301,0.01205593161,1.045626283,0.01049944013,1.228054166,0.01335969567,,
airFoil2D_SST_89.65_8.631_3.032_3.437_0.0_6.8,0.2055168967,0.1429899285,1006.735027,2.742676864,1.246319771,0.01251467224,1.125905156,0.01239297818,1.137616277,0.01116534416,,
airFoil2D_SST_89.947_11.582_0.254_1.859_14.641,0.05311425158,0.09840941751,340.6344385,2.104587135,1.184495926,0.0150497146,1.184732556,0.006808689795,1.221198678,0.01464795973,,
airFoil2D_SST_89.976_-1.312_3.994_6.617_15.428,0.1064738468,0.1545323866,217.5096829,1.135494673,0.3501049876,0.009136123583,0.2908855081,0.01445582509,0.3712454438,0.009421682917,,
airFoil2D_SST_90.036_-0.06_6.959_5.619_10.438,0.1721309312,0.1690256323,353.757322,1.469027747,0.7492226958,0.009814659134,0.5907844305,0.002904333873,0.8443572521,0.009857813828,,
airFoil2D_SST_90.102_0.155_4.394_4.125_19.322,0.1260222677,0.1480579255,278.0567405,1.101662956,0.4981814027,0.0107784532,0.5201717019,0.02314221486,0.4399983287,0.01040227897,,
airFoil2D_SST_90.197_2.112_1.988_6.662_0.0_16.247,0.08549775132,0.07619277751,149.5222746,0.5421087595,0.422254473,0.009409386665,0.4627543986,0.01221848279,0.4206335247,0.009363320656,,
airFoil2D_SST_90.415_14.684_4.356_6.209_11.299,0.1868156753,0.178782596,2719.48215,7.673008816,1.812767267,0.02802754566,1.612465024,0.0355617106,1.863051653,0.02771674842,,
airFoil2D_SST_90.574_8.095_5.69_1.526_10.267,0.3373646543,0.3837174415,901.5339092,3.918856625,1.416880608,0.01338704024,1.236562371,-0.01637422107,1.401229739,0.01340030506,,
airFoil2D_SST_91.532_9.129_2.77_4.013_1.0_17.265,0.0420693119,0.04822363754,130.652687,0.6778547297,1.125373125,0.01404376887,1.13815546,0.01002020203,1.132012725,0.01392897498,,
airFoil2D_SST_91.602_10.45_2.763_4.44_0.0_16.132,0.0559690333,0.05555926106,219.8580802,0.9985927731,1.264541268,0.01550986059,1.24168098,0.002205664059,1.277923226,0.0151795093,,
airFoil2D_SST_92.722_-0.765_4.96_2.747_19.409,0.1964268767,0.1957607737,411.9380833,1.353096967,0.4170658588,0.01038423646,0.5204538703,0.03422052786,0.3736014366,0.01018920355,,
airFoil2D_SST_92.85_-3.031_6.083_2.008_9.267,0.7108262154,0.5088275348,1739.285171,6.73492398,0.3151275814,0.008249854669,0.3909563422,0.01631606929,0.2651655078,0.008608112112,,
airFoil2D_SST_93.213_3.79_0.418_0.0_9.665,0.3787124308,0.2372389873,560.1970335,2.403413421,0.481010437,0.00807193853,0.4537729025,0.01730380394,0.4185880721,0.008057542145,,
