epoch,train_loss,train_p_rel_l2,train_tau_rel_l2,train_head,train_force,train_sym,val_loss,val_p_rel_l2,val_tau_rel_l2,val_cl_mae,val_cd_mae,lr,epoch_time_s
0,4.020794887,2.088911442,1.885912308,4.832975654,0,0,3.135178432,1.020925758,2.089388494,0.8312583154,0.006033208328,0.001,3.735715452
1,2.474516529,1.179448357,1.266786332,2.973292177,0,0,1.812984214,0.8079460633,0.9675998425,0.9500475055,0.01188510604,0.0009999845942,1.179216146
2,1.705145414,0.8009762672,0.8781479184,2.735630714,0,0,1.881451836,0.9433483529,0.9007873201,1.024981966,0.01112164659,0.0009999383779,1.157509928
3,1.623961137,0.8126797768,0.7898766398,2.250294355,0,0,1.805966711,1.016844745,0.771816349,0.5666768327,0.004309544084,0.0009998613539,1.154603186
4,1.556870259,0.8241067712,0.7168817383,1.669659981,0,0,1.462209501,0.7115859795,0.7341802192,0.5375518727,0.004103039647,0.0009997535269,1.193268378
5,1.450262785,0.7612100106,0.6736760277,1.61656885,0,0,1.615152607,0.8718302464,0.7277684307,0.5306423318,0.003675274891,0.0009996149036,1.152732979
6,1.409526174,0.7568426407,0.6377789424,1.566932018,0,0,1.360157843,0.7287326765,0.6162700653,0.5239063022,0.003517229087,0.0009994454925,1.145840168
7,1.324035241,0.6990489272,0.6110751812,1.462487977,0,0,1.630972428,0.8958001566,0.7202601433,0.5119489807,0.003493881407,0.0009992453042,1.146292574
8,1.396300187,0.6840754105,0.6985952304,1.432883978,0,0,1.342603488,0.7302477813,0.5973795974,0.5531403071,0.003146751984,0.0009990143508,1.152033204
9,1.349269757,0.5984549408,0.7358571841,1.572506295,0,0,1.103792272,0.5034053254,0.5850275016,0.5364179064,0.003514064532,0.0009987526468,1.142002483
10,1.440955281,0.6553027997,0.7699415363,1.651705591,0,0,1.427405167,0.6520786357,0.7603979278,0.5075506549,0.003543844656,0.0009984602082,1.158430882
11,1.196943113,0.6075223386,0.5764189844,1.366890568,0,0,1.099734297,0.5637172222,0.5217617619,0.4382090333,0.003815385108,0.0009981370531,1.168529153
12,1.141269941,0.5996664121,0.5269835385,1.537012018,0,0,1.237840693,0.5753437531,0.6480605745,0.464249998,0.003673698842,0.0009977832013,1.179473135
13,1.074217365,0.5529599534,0.5073249248,1.464734087,0,0,1.090044796,0.5652173793,0.5116019869,0.443738291,0.003194386926,0.0009973986748,1.151658899
14,1.005013379,0.5292079242,0.4643637859,1.202871245,0,0,1.035690932,0.5227440572,0.5021967065,0.3714010242,0.002497045952,0.0009969834972,1.143788267
15,0.9435595182,0.4961834091,0.4379535959,0.9905974177,0,0,1.380831277,0.8289078236,0.54154369,0.371662721,0.002289741132,0.0009965376942,1.145317432
16,1.252155937,0.7334720745,0.5104972606,0.8606628409,0,0,1.358906481,0.7032919288,0.6465275407,0.2974341097,0.002264045649,0.0009960612933,1.150263232
17,1.237945084,0.6354987667,0.5937290238,0.9164579236,0,0,1.154167724,0.6829881108,0.4629937768,0.2493119089,0.002212472628,0.0009955543238,1.151851598
18,1.183161195,0.6652997549,0.5072303208,1.117658271,0,0,1.217976778,0.6658785403,0.5407274592,0.3543405114,0.002998761036,0.000995016817,1.138393549
19,1.152226237,0.6222061859,0.5206332574,0.9868402389,0,0,1.054743347,0.5838479543,0.4608068192,0.3245806972,0.002565916656,0.0009944488061,1.152031462
20,1.081317576,0.5423061504,0.528888292,1.064251079,0,0,1.281788561,0.809048332,0.4578719699,0.497688318,0.003602058445,0.0009938503261,1.176747449
21,1.161505007,0.6451342519,0.5056614945,1.12587103,0,0,0.9369455314,0.5220297885,0.4061792302,0.2887055902,0.002151217232,0.000993221414,1.174421453
22,1.096848547,0.5616973604,0.5274502131,0.8096104677,0,0,0.8425305605,0.323162421,0.5106978846,0.2444054069,0.002525982563,0.0009925621084,1.164172875
23,0.8681853872,0.3713944531,0.4881311861,0.9104055075,0,0,0.9258742166,0.44988397,0.4669902432,0.3020188224,0.002173323338,0.0009918724502,1.150902427
24,0.7994621855,0.3865821258,0.4040866036,0.9244612914,0,0,0.8475525236,0.4252396309,0.4103801119,0.3930885445,0.002949769958,0.0009911524817,1.155987628
25,0.8439430411,0.3703806194,0.4631924813,1.090200443,0,0,0.9680256748,0.3099513453,0.6484876931,0.3098382173,0.002425189377,0.0009904022476,1.155535143
26,0.9210826296,0.3923382622,0.5208568069,0.829225343,0,0,0.6307408941,0.2463080281,0.3769988525,0.2273050416,0.002000990757,0.0009896217939,1.151940671
27,0.9115360884,0.488641928,0.415767523,0.7492306439,0,0,1.169088693,0.5056670403,0.6560349929,0.2198430263,0.0020440942,0.0009888111689,1.17342879
28,0.9580589441,0.494294758,0.4571925104,0.6908838566,0,0,0.9250465703,0.5647110319,0.353061918,0.2160885797,0.002016440528,0.0009879704226,1.186882841
29,0.8849598628,0.4797690958,0.3980105703,0.754859663,0,0,0.7936608291,0.3672222048,0.4171915054,0.2965790838,0.002360531488,0.0009870996068,1.169428342
30,0.8261378866,0.4237337663,0.3954593654,0.7301069773,0,0,0.9227708197,0.4970277417,0.4157074153,0.3182194895,0.002595722745,0.0009861987752,1.166437991
31,0.8096745519,0.428238181,0.3739313988,0.7890036427,0,0,0.8980531979,0.5168498552,0.3728266263,0.2611903137,0.002207739111,0.0009852679835,1.149704741
32,0.7781079641,0.4218608026,0.3490198346,0.7598143495,0,0,0.7161939967,0.3085534245,0.4009489441,0.2035876522,0.001810625833,0.000984307289,1.153216189
33,0.7724781495,0.3729827519,0.3918254032,0.8063512628,0,0,0.6255238664,0.2136410347,0.3965227509,0.5510669483,0.003378380546,0.000983316751,1.180473931
34,0.8007045572,0.428713528,0.3644436598,0.7934605708,0,0,0.7604818988,0.3651810116,0.3873732775,0.2368875785,0.002185016293,0.0009822964305,1.150519334
35,0.6265349273,0.2826072425,0.3373949917,0.6867873646,0,0,0.5514610648,0.2411922723,0.303799448,0.205254813,0.001672188672,0.0009812463906,1.165691032
36,0.6154076984,0.2613468869,0.3473891329,0.7013989366,0,0,0.9053103876,0.2788911563,0.6198149335,0.2062061939,0.001738000349,0.000980166696,1.170317619
37,0.9164895782,0.2761957531,0.633080808,0.7583084748,0,0,0.631612246,0.2662513411,0.3581338233,0.2349656203,0.001815394438,0.0009790574133,1.14275187
38,0.7229264791,0.3027843592,0.4131244627,0.7377716578,0,0,0.6463525128,0.2840763175,0.3555112273,0.2022157879,0.001863926812,0.0009779186109,1.15428328
39,0.7588245066,0.2961399865,0.4565534638,0.6445621481,0,0,0.7698139286,0.3586247569,0.4048167324,0.1970372018,0.001694899774,0.0009767503591,1.176789994
40,0.5403714272,0.2410618777,0.2930990664,0.6529123416,0,0,0.5395652699,0.2672422463,0.266091184,0.1933296376,0.001651562587,0.0009755527299,1.15442568
41,0.5827420446,0.2946763967,0.28068023,0.7764342657,0,0,0.7320924139,0.3982825756,0.3246082014,0.3263192111,0.002059176066,0.0009743257972,1.154260774
42,0.7424390958,0.3198139232,0.41439348,0.8654044408,0,0,0.8950692749,0.347704432,0.5395968688,0.2289002852,0.002170894989,0.0009730696367,1.147291417
43,0.7732185721,0.3314176408,0.4352930211,0.6841807686,0,0,0.594671309,0.2775152278,0.30937087,0.2166361742,0.002294331254,0.0009717843259,1.152870167
44,0.5917290655,0.2897488887,0.2957339298,0.6566728858,0,0,0.6789180708,0.3619614941,0.3108411264,0.1941454393,0.001579611232,0.0009704699441,1.201806105
45,0.645295503,0.3004920265,0.338680312,0.6437325844,0,0,0.6827300704,0.3621407086,0.3141355741,0.1747842354,0.001946554109,0.0009691265723,1.158880668
46,0.5765216144,0.2969450343,0.2742614437,0.5587845032,0,0,0.4533941686,0.1932599679,0.2540973228,0.1776834811,0.001689025839,0.0009677542934,1.175730207
47,0.4916276152,0.210763553,0.2746724681,0.650926645,0,0,0.6087407565,0.2272716558,0.3748854095,0.2230507908,0.00157016675,0.0009663531921,1.185015965
48,0.6235859165,0.2390759679,0.3781725145,0.6662575625,0,0,0.5751007438,0.197403124,0.3719186491,0.1815210531,0.001510736775,0.0009649233547,1.182800438
49,0.5721260172,0.249355809,0.3160636448,0.7050661926,0,0,0.8249787283,0.5075469041,0.3102689648,0.1749920955,0.002336826236,0.0009634648695,1.162068418
50,0.8560170761,0.4419745367,0.406985464,0.7419155653,0,0,0.7951785278,0.3397121865,0.4492978895,0.1782980028,0.001756101972,0.0009619778265,1.15010772
51,0.6727176996,0.3181095949,0.3491284687,0.5760779243,0,0,0.6190230751,0.3128710651,0.3000614673,0.1699023337,0.0017909738,0.0009604623173,1.159347011
52,0.5662791775,0.2724367185,0.289030631,0.5058707572,0,0,0.607771244,0.3306349331,0.2717376935,0.1754195556,0.00135701905,0.0009589184355,1.176292999
53,0.5209275645,0.2694714723,0.2463023525,0.5418164799,0,0,0.5617237687,0.2460011023,0.3105623001,0.156060871,0.001405017683,0.0009573462763,1.164694575
54,0.518131765,0.2544539903,0.2593290531,0.4571843743,0,0,0.5700087035,0.2890100384,0.2755604059,0.1946709891,0.001200157385,0.0009557459367,1.145788523
55,0.5257348602,0.2673778259,0.2537583365,0.4834642731,0,0,0.6333918262,0.288461768,0.3393264884,0.1696999785,0.001523497021,0.0009541175153,1.161044764
56,0.5267964258,0.2516458562,0.2705681817,0.4817507175,0,0,0.5845553291,0.2864740211,0.2934637159,0.1369461853,0.001282311394,0.0009524611127,1.145509141
57,0.4644054243,0.2282468917,0.2317672452,0.4616589122,0,0,0.4645882457,0.2158206424,0.2435016525,0.134279559,0.001665694751,0.000950776831,1.167829016
58,0.4495730996,0.2209242032,0.2230182611,0.5919525188,0,0,0.4717614698,0.2200156873,0.2317344707,0.780674828,0.003818762288,0.0009490647741,1.144700287
59,0.4775066307,0.2167194417,0.2516355285,0.9621217022,0,0,0.5243522453,0.2112631828,0.3051773381,0.2674930882,0.001892009918,0.0009473250476,1.171863986
60,0.4171717098,0.1722386628,0.2373314752,0.7991588024,0,0,0.468481847,0.213049683,0.2483422971,0.2311826603,0.001774626025,0.0009455577588,1.165451916
61,0.3788374043,0.1627745015,0.2107945234,0.553868507,0,0,0.5438643372,0.3026507449,0.2342884192,0.2765667132,0.001262061438,0.0009437630168,1.177540397
62,0.3976423717,0.1783192857,0.2135427938,0.6076869002,0,0,0.4648473871,0.18632671,0.2691869265,0.267999813,0.002673858744,0.0009419409322,1.15687722
63,0.3590240249,0.1351284213,0.2171327598,0.7109827789,0,0,0.4303894758,0.1653811529,0.2599384153,0.1438054267,0.00146879314,0.0009400916175,1.166676821
64,0.3762810895,0.1499335147,0.221720041,0.4864962972,0,0,0.4772291303,0.2099208373,0.2615441144,0.1596802598,0.001705377703,0.0009382151867,1.154177752
65,0.3977523928,0.1727412515,0.2196151591,0.5672835501,0,0,0.4436408377,0.2060078061,0.2318383425,0.1833650363,0.001502307127,0.0009363117555,1.151059609
66,0.3625728305,0.1600131954,0.1980402928,0.4751219337,0,0,0.4185733813,0.182575601,0.2311073321,0.1483223443,0.001327579739,0.0009343814415,1.149956188
67,0.3790145654,0.1758943682,0.1980028405,0.5379918309,0,0,0.4334360909,0.197830494,0.2309487918,0.1460859521,0.001219122275,0.0009324243635,1.215900009
68,0.3578862181,0.1582244491,0.1957853104,0.4075356126,0,0,0.3943844736,0.1694490284,0.2206866875,0.1281107309,0.001160348114,0.0009304406425,1.167192702
69,0.3850839574,0.1640759615,0.2165217572,0.47164174,0,0,0.4668450302,0.2164948905,0.2459088051,0.1444810949,0.001114840405,0.0009284304007,1.173173275
70,0.3672453532,0.1534557532,0.2091715771,0.4854960075,0,0,0.5324714553,0.2334157097,0.2950721055,0.1285615442,0.001009520018,0.0009263937621,1.163514185
71,0.392699205,0.1642220977,0.2252738911,0.3367569057,0,0,0.427327134,0.1789711088,0.2444590658,0.1215028779,0.00102712736,0.0009243308524,1.163831343
72,0.3272788112,0.1390991371,0.1849741363,0.3370010589,0,0,0.3623278677,0.1500521138,0.2086379787,0.1175612358,0.0009203742258,0.0009222417988,1.157044113
73,0.3007723265,0.1285617564,0.169224582,0.3139186582,0,0,0.3635778069,0.1657475805,0.1942302242,0.1122501376,0.000948802582,0.0009201267302,1.180434183
74,0.317219866,0.1425760153,0.1714425408,0.3365557732,0,0,0.3511472911,0.1510778627,0.1965418974,0.1070472531,0.0009570365818,0.000917985777,1.167388513
75,0.3003420142,0.1297115311,0.1676477343,0.3135778354,0,0,0.3925662017,0.1796327013,0.2096208113,0.1005335423,0.0008986926591,0.0009158190713,1.202043397
76,0.2946529629,0.1283883131,0.1634633323,0.2945049233,0,0,0.3644235718,0.1560711724,0.2050741446,0.1050981499,0.0008372558327,0.0009136267469,1.16152921
77,0.31833583,0.1385953696,0.1760783327,0.3850024721,0,0,0.423575381,0.183276692,0.2358684742,0.09746200375,0.001545343767,0.0009114089388,1.151711117
78,0.344906486,0.1388844257,0.1987224393,0.767414845,0,0,0.4558354938,0.2059024507,0.2387797242,0.2664184135,0.003694988103,0.0009091657839,1.171752942
79,0.3553719635,0.1463707995,0.2026226945,0.6705735532,0,0,0.4172795212,0.1752152255,0.2357225049,0.2588902467,0.001103535076,0.0009068974205,1.175000974
80,0.3311085678,0.1464075566,0.1800249815,0.4915952912,0,0,0.3622898978,0.1483735526,0.2094891447,0.1448393307,0.001103694825,0.0009046039887,1.152171395
81,0.3211348103,0.1332049616,0.1845463342,0.3557117421,0,0,0.4019367647,0.1858366066,0.2120216042,0.1228674212,0.0011148998,0.0009022856298,1.182444741
82,0.3332422536,0.1388601036,0.1913062873,0.32336799,0,0,0.3512745667,0.1383946854,0.2091469941,0.1290624171,0.000866172486,0.0008999424869,1.183367766
83,0.3122436118,0.1382500059,0.1710023215,0.3144758986,0,0,0.3328448051,0.1382833979,0.1911500946,0.1011588839,0.0009474360198,0.0008975747045,1.226694156
84,0.2889571603,0.1197636586,0.1665576353,0.2771103737,0,0,0.3387874222,0.1495027107,0.1861545011,0.09913671054,0.0008107321337,0.0008951824287,1.148031596
85,0.2727905558,0.1137959917,0.156226545,0.2910037545,0,0,0.380506627,0.1604373315,0.216251421,0.1105198037,0.001085380306,0.000892765807,1.149748296
86,0.3655365728,0.1510685688,0.2108373802,0.3816895943,0,0,0.3873313665,0.1560746169,0.2279426128,0.1074352018,0.000835399176,0.0008903249885,1.152738939
87,0.3699995486,0.1357900466,0.2310242068,0.3348730367,0,0,0.3814586747,0.1317613497,0.246104359,0.08774428189,0.001172490469,0.0008878601237,1.139455566
88,0.2972771204,0.1080479444,0.1859075238,0.3492083366,0,0,0.3424404913,0.1410376227,0.1971304202,0.09345806248,0.001495264028,0.0008853713648,1.13561523
89,0.263667603,0.1056103156,0.1547972875,0.3427259051,0,0,0.3260797966,0.1425636646,0.1795867488,0.1097885714,0.001153849517,0.0008828588651,1.165008949
90,0.2519369229,0.1032687397,0.1450420354,0.3812198524,0,0,0.3233335322,0.1498925504,0.1690913585,0.1262455826,0.001233464414,0.0008803227798,1.172788784
91,0.2442553525,0.1038785015,0.1372281737,0.3310223978,0,0,0.4255793566,0.213849586,0.2087086692,0.09045025423,0.0008310470078,0.0008777632652,1.175312999
92,0.3050566235,0.1244296856,0.1777160695,0.3060216617,0,0,0.4290203488,0.1687462296,0.2564973962,0.1097457828,0.001069808723,0.0008751804793,1.150538552
93,0.3298642567,0.1308534575,0.1953358627,0.3863488917,0,0,0.4160215557,0.1784630686,0.2336378211,0.1233939178,0.001022676327,0.0008725745813,1.150735202
94,0.3669825001,0.1660690245,0.1956934058,0.5487894141,0,0,0.6295814693,0.3371687436,0.2826152277,0.2915470538,0.00271169194,0.0008699457319,1.159261494
95,0.5477976065,0.2992816734,0.2416155499,0.7254415888,0,0,0.6428376508,0.3321214032,0.3064183187,0.1315568031,0.001155543933,0.0008672940935,1.159373364
96,0.4474716049,0.2358364279,0.2077547094,0.4079560706,0,0,0.4144647026,0.2258109975,0.1851247662,0.1014608648,0.001009691185,0.0008646198294,1.178536281
97,0.3355924464,0.1791927528,0.1530952413,0.3473996669,0,0,0.3321446121,0.1301922384,0.1988508645,0.1022236698,0.0007661873801,0.0008619231047,1.14359004
98,0.2430651979,0.09628651262,0.1445115323,0.2383473653,0,0,0.3270296192,0.1331272048,0.1909861878,0.09108466335,0.0007671498321,0.0008592040857,1.163998269
99,0.2733262525,0.1159022892,0.1546990218,0.2864753294,0,0,0.3496803385,0.1530187359,0.1933240151,0.1117357676,0.0008084318321,0.0008564629402,1.16518889
100,0.2647724656,0.1134645142,0.1491518548,0.2266721634,0,0,0.405120433,0.1894724777,0.2128656808,0.08651396543,0.000735502108,0.0008536998372,1.166677861
101,0.3224277978,0.1457364932,0.1740719945,0.2753705142,0,0,0.3609877151,0.1572445622,0.2007457915,0.08531816609,0.00086558057,0.0008509149472,1.165709748
102,0.278414724,0.1157524723,0.1598647919,0.2940987945,0,0,0.3061191916,0.1203936186,0.1822555789,0.1041285612,0.0009523145296,0.0008481084419,1.161557
103,0.252200717,0.1005492915,0.1491991826,0.2578060684,0,0,0.3060024804,0.1360892788,0.1671639037,0.0882592424,0.0007010586048,0.0008452804945,1.198447793
104,0.2818849362,0.1241845408,0.1554031567,0.2415108085,0,0,0.3160490161,0.1198799795,0.1932247216,0.08562801301,0.0008333607391,0.0008424312794,1.154341794
105,0.2389776856,0.09500746601,0.1418715876,0.2206311283,0,0,0.3079811513,0.1281783026,0.1772136003,0.0772076527,0.000715161995,0.0008395609724,1.149879246
106,0.2242279649,0.08732281167,0.134856929,0.2153309973,0,0,0.2951631087,0.1223618996,0.1700548512,0.08325942367,0.0007458639191,0.0008366697505,1.160836468
107,0.2370496174,0.09621072102,0.1376452572,0.3357500583,0,0,0.3154118317,0.1397798446,0.1725515628,0.104884433,0.0007298185956,0.0008337577921,1.206591155
108,0.2483927688,0.1040939786,0.1414516958,0.2993167983,0,0,0.3524221766,0.1660532698,0.1823637801,0.1275746755,0.001030568462,0.0008308252767,1.155052519
109,0.2747413505,0.1221732222,0.1503301194,0.2352842184,0,0,0.3257532763,0.1507952654,0.1725203466,0.07318383552,0.0006686835969,0.0008278723854,1.151955332
110,0.2347599279,0.09706806105,0.1356708,0.2124765143,0,0,0.293143971,0.1347882026,0.155968107,0.0692498152,0.0006775621418,0.0008248993001,1.176838727
111,0.2200896362,0.09182924032,0.1262598949,0.2103141237,0,0,0.3538476562,0.1573036784,0.1928936949,0.09217415817,0.001163054579,0.0008219062044,1.173907951
112,0.2545752457,0.1068784291,0.1452011466,0.2623713395,0,0,0.2936411518,0.1203282312,0.1706290776,0.07072846077,0.0008276554337,0.0008188932829,1.171561417
113,0.2248336936,0.0841809878,0.1384449223,0.2321061291,0,0,0.3018239367,0.126824411,0.1721376467,0.102343026,0.0006325351214,0.0008158607213,1.156221959
114,0.2953763192,0.1206210184,0.1722098818,0.2676016012,0,0,0.3525118542,0.1191395244,0.2305076993,0.0747574877,0.0008902367298,0.0008128087068,1.160035374
115,0.2469616876,0.1004033008,0.1446768366,0.1978089557,0,0,0.2874932301,0.1333252281,0.1518619466,0.07182554327,0.0006085048057,0.0008097374277,1.171032213
116,0.2279815387,0.09606729247,0.1302860053,0.1711785002,0,0,0.2769635206,0.1197615331,0.15502473,0.06562458597,0.0005948499497,0.0008066470733,1.161447184
117,0.206401684,0.08660480667,0.1178427642,0.2054375192,0,0,0.2861026764,0.1240291178,0.1591810864,0.07122237273,0.000938465884,0.0008035378343,1.157763041
118,0.2038106999,0.08325469723,0.1182739207,0.2399167659,0,0,0.2762152588,0.1163530169,0.1574314195,0.07492744528,0.0006487111608,0.0008004099026,1.151151271
119,0.1954819984,0.07895490957,0.1144588607,0.2174344831,0,0,0.2553504187,0.1025441362,0.1506286228,0.06454092644,0.000605134475,0.0007972634709,1.149528207
120,0.1869813204,0.0741465917,0.1110673283,0.1858080368,0,0,0.2556983262,0.1054401729,0.1478653288,0.06300049327,0.0007384555461,0.0007940987335,1.150014486
121,0.1863552538,0.07388812475,0.1108482973,0.1701890488,0,0,0.2516746062,0.109512932,0.1399291691,0.05984970145,0.0006790404394,0.0007909158856,1.143553292
122,0.1927786011,0.08105060573,0.1102073812,0.1598633327,0,0,0.2646961665,0.1140258498,0.1485522088,0.05769826107,0.0006357434904,0.0007877151234,1.166745379
123,0.2131898036,0.09244036388,0.1190044421,0.1834529524,0,0,0.2870915538,0.1271783099,0.1578434208,0.05959693797,0.0005914030084,0.0007844966444,1.151607751
124,0.222307345,0.09317869521,0.127485085,0.1727892097,0,0,0.3251136571,0.1430362391,0.1799276841,0.06432214871,0.0005917226849,0.0007812606472,1.151587524
125,0.2156999581,0.09376317778,0.1197955012,0.2251145427,0,0,0.3064538151,0.1414543095,0.1621265289,0.08375992022,0.0008112509176,0.0007780073314,1.162632377
126,0.2092891737,0.08198651729,0.1246435356,0.2795550124,0,0,0.2836248654,0.107987705,0.1727191004,0.07913713612,0.0008791179722,0.0007747368976,1.1533853
127,0.1995761142,0.08334635599,0.1126994227,0.3711470572,0,0,0.2676177001,0.1201873821,0.1445219633,0.1046432967,0.0006368785491,0.0007714495476,1.143513905
128,0.2078950164,0.08870672263,0.1168701179,0.2437115816,0,0,0.2723770595,0.116516075,0.152982038,0.07410945609,0.0009041727055,0.0007681454841,1.156447132
129,0.1979860365,0.08283571011,0.1127003603,0.2575667856,0,0,0.2536802989,0.1077054469,0.1429050371,0.07611973375,0.0009910780145,0.000764824911,1.169002034
130,0.1812945318,0.07159374482,0.1076111914,0.2196808583,0,0,0.2428422362,0.1029656234,0.1375669026,0.07441168554,0.0005865099793,0.0007614880331,1.198670635
131,0.1782230368,0.07127002655,0.1051756573,0.1868546662,0,0,0.2347843975,0.1002738616,0.1322489896,0.0766564922,0.0005390211381,0.0007581350562,1.150047748
132,0.1670641928,0.0668135655,0.09889678027,0.1423310804,0,0,0.2336711213,0.09664564997,0.1349619836,0.06466575988,0.0005408271262,0.0007547661872,1.154734778
133,0.173113714,0.06733026986,0.1043338403,0.1523978899,0,0,0.2631410503,0.1190945536,0.1415254834,0.08162681259,0.0006363805244,0.0007513816338,1.149632123
134,0.1778556475,0.07133030003,0.104868616,0.1741732966,0,0,0.2449915051,0.1061107491,0.1368142438,0.05253878824,0.0006551186834,0.0007479816049,1.154247919
135,0.1781114672,0.06891813502,0.1075805494,0.1695529114,0,0,0.2512952381,0.1048730592,0.1443238029,0.0525970412,0.0006722019892,0.0007445663101,1.14621896
136,0.1999106132,0.0831453101,0.1148107275,0.2054860626,0,0,0.2541638571,0.1087086165,0.1432606292,0.07492654495,0.0005180644337,0.0007411359602,1.155485492
137,0.1914315464,0.07786159676,0.1117953733,0.1865625714,0,0,0.2725204074,0.1184178419,0.152009429,0.06302052565,0.0005725023383,0.0007376907667,1.154996637
138,0.1884568677,0.07614123993,0.1108624202,0.152776866,0,0,0.2377192485,0.09618595809,0.1395929855,0.05993015699,0.0005166704394,0.0007342309422,1.188371937
139,0.1889160688,0.0759458347,0.1113522477,0.170100219,0,0,0.2822889805,0.1260197997,0.1538734475,0.07840687387,0.0005969886621,0.0007307567001,1.172444649
140,0.1994479264,0.08582688066,0.111879958,0.1830417674,0,0,0.2689668846,0.1218127841,0.1452005067,0.05511708647,0.0005687174294,0.0007272682546,1.169524347
141,0.1845402442,0.07169233291,0.111342159,0.1583012216,0,0,0.2308077735,0.09789987639,0.1309073515,0.05586509027,0.0005877408944,0.000723765821,1.142413969
142,0.1715296633,0.06793976145,0.1018817419,0.1795803526,0,0,0.2347532457,0.1036074607,0.1289470103,0.0551463747,0.0007040602714,0.0007202496153,1.19361866
143,0.1568829434,0.06041483954,0.09506540917,0.1474663948,0,0,0.226761238,0.09815196335,0.1265437603,0.06404787287,0.0005476855347,0.0007167198545,1.161248002
144,0.1538483351,0.05900135378,0.09342017082,0.1500015878,0,0,0.2325688702,0.1031715691,0.1273770288,0.05846440569,0.0005745110894,0.0007131767561,1.147107571
145,0.1561584914,0.06141898495,0.09335614855,0.145433325,0,0,0.2294636479,0.1023955896,0.1252679524,0.05505664311,0.0004843803681,0.0007096205389,1.154015762
146,0.1631116042,0.06640299754,0.0954834452,0.1288021304,0,0,0.2390175062,0.09703945279,0.1400676391,0.05480883934,0.0005476962496,0.0007060514221,1.177389463
147,0.1675397731,0.06725995902,0.09891006981,0.1440024777,0,0,0.2315647155,0.09681512177,0.1325435647,0.06159708664,0.0006481671566,0.000702469626,1.144614824
148,0.179746206,0.06668626316,0.1113936855,0.1751748587,0,0,0.256521368,0.1085488787,0.1458436134,0.06361637361,0.0005867381021,0.0006988753714,1.192554334
149,0.1843769573,0.07171314066,0.1109719506,0.1778671913,0,0,0.2762901407,0.1189171913,0.1546302962,0.08554530233,0.0007225809293,0.0006952688801,1.16145017
150,0.1922303232,0.07688297389,0.1134362811,0.2009118366,0,0,0.2691414556,0.1195846997,0.1473724583,0.06810882263,0.0005756754708,0.0006916503745,1.171408903
151,0.1633824385,0.06267500525,0.09873977705,0.2068613246,0,0,0.2270235664,0.1010701326,0.123494114,0.07941770576,0.0006227713218,0.0006880200778,1.136168367
152,0.1549106968,0.06104387314,0.0920536306,0.1906225423,0,0,0.2417285424,0.1099992228,0.129411318,0.05639706634,0.000758392415,0.0006843782141,1.153898453
153,0.1778795043,0.07456696119,0.1016378093,0.1760660897,0,0,0.2488269535,0.1106037736,0.1357645857,0.07707166746,0.0006441589771,0.0006807250078,1.158819688
154,0.1931213072,0.08431932244,0.1072920309,0.1587427281,0,0,0.2451119328,0.1188971603,0.1238092792,0.07974994704,0.0005899127526,0.0006770606845,1.223824046
155,0.1572064322,0.06476379616,0.09086518907,0.1658382559,0,0,0.2193177024,0.09685096696,0.1205587924,0.05357755132,0.0005577653181,0.00067338547,1.217254363
156,0.1637868079,0.06983620989,0.09278826645,0.1221966927,0,0,0.2323747706,0.1125298953,0.1178463978,0.05776737861,0.0005689312518,0.0006696995912,1.173659171
157,0.1697344081,0.07966394808,0.08872893854,0.1410351705,0,0,0.2317115718,0.1074944642,0.1220076269,0.06418388978,0.0006260529486,0.0006660032753,1.17067949
158,0.1504585187,0.06250897566,0.08656858853,0.1451804764,0,0,0.2257034284,0.1052491936,0.1184492481,0.0595368854,0.0005560975429,0.0006622967504,1.17115033
159,0.165327408,0.06151412313,0.1024500401,0.1433187276,0,0,0.2346725076,0.1017817749,0.1309312546,0.05027733356,0.0006169190397,0.0006585802451,1.16248244
160,0.1470218152,0.05112992026,0.09456032629,0.139988909,0,0,0.2316981182,0.1037780805,0.1253698401,0.08040030524,0.0006639126549,0.0006548539887,1.174613992
161,0.1458183991,0.0560200372,0.08836065004,0.1511475707,0,0,0.2247133875,0.1025457466,0.1203938314,0.054227755,0.0004775338154,0.000651118211,1.185329226
162,0.1581129793,0.06646523367,0.08965048137,0.2099738568,0,0,0.2346390343,0.108116422,0.1244357006,0.05859162085,0.0006101922924,0.0006473731425,1.208768623
163,0.1854847624,0.07941384814,0.1044764089,0.1676315654,0,0,0.2446119541,0.1096164237,0.1329234949,0.06968910031,0.0004989043204,0.0006436190141,1.216026305
164,0.1607705699,0.0664576719,0.09306232001,0.1314743001,0,0,0.2309729531,0.1006580767,0.1285312212,0.04845159963,0.0005366218369,0.0006398560575,1.200854595
165,0.1421370466,0.05347125232,0.08745690263,0.1270916204,0,0,0.2084652561,0.09184639916,0.1147292082,0.05065828636,0.0005747567071,0.0006360845047,1.204501542
166,0.1311429103,0.05165265587,0.07842263407,0.1122398319,0,0,0.2007491568,0.08779572949,0.1113050455,0.04732183926,0.0004722903762,0.0006323045885,1.159709471
167,0.1497387989,0.06119499699,0.08734847376,0.1256654285,0,0,0.2182121536,0.08463575035,0.1316422695,0.05203208901,0.0005866055936,0.0006285165419,1.156571972
168,0.1496036339,0.05215909418,0.09617018012,0.1339744278,0,0,0.2066090187,0.09037358791,0.1144506073,0.05438082509,0.0004822039092,0.0006247205986,1.186766203
169,0.1454187781,0.05307269182,0.09109327254,0.1317093435,0,0,0.2019160149,0.0859422227,0.1142206714,0.0467844674,0.00053521547,0.0006209169929,1.16583471
170,0.1381362195,0.05340313281,0.0832471263,0.1562199621,0,0,0.2045932469,0.08672643304,0.1161516346,0.05126259558,0.0004726408608,0.0006171059592,1.182629169
171,0.1390847919,0.05392970145,0.08393082596,0.1287079236,0,0,0.2335982811,0.08578684151,0.1458768994,0.04899649687,0.0006150203431,0.0006132877328,1.165867521
172,0.1437616841,0.04984371364,0.09262019224,0.1364366114,0,0,0.2049777564,0.08658899143,0.1164798829,0.06305032596,0.00047031336,0.0006094625491,1.14802891
173,0.1534214536,0.0624200355,0.08921084095,0.1882446844,0,0,0.23530478,0.1113715559,0.1212306753,0.09622150443,0.0006012540543,0.000605630644,1.179426629
174,0.1563931394,0.06287554823,0.09204699959,0.1546045737,0,0,0.2369386196,0.108011876,0.1271188977,0.05068524472,0.0005292566679,0.000601792254,1.183219696
175,0.1693597482,0.06770697007,0.1003346672,0.1385736127,0,0,0.2796652395,0.1256169932,0.1517111471,0.06774045244,0.0006636133185,0.0005979476158,1.175758336
176,0.1789948705,0.07488870105,0.1019602768,0.2255992672,0,0,0.236774084,0.1078585199,0.1270121998,0.06180792116,0.0004787983559,0.0005940969666,1.180935709
177,0.1585996976,0.06693417522,0.09034452931,0.1388767963,0,0,0.2284788078,0.1021674831,0.1244041523,0.05707280315,0.0005248803971,0.0005902405439,1.168543315
178,0.1347337709,0.05321616622,0.08036649514,0.1210173219,0,0,0.202334879,0.08916281089,0.1115605095,0.04582628891,0.000465812101,0.0005863785856,1.186968857
179,0.1513736976,0.06419662386,0.08593546656,0.1305310806,0,0,0.306695047,0.1451533917,0.1587095514,0.0961018572,0.000674026343,0.0005825113299,1.138508624
180,0.1868344969,0.07959874089,0.1051801718,0.216105139,0,0,0.2365143573,0.1052418324,0.1294022852,0.0495693434,0.0005741326278,0.0005786390153,1.151456424
181,0.1624678476,0.06972197357,0.09123639934,0.1586919811,0,0,0.2176039898,0.09647212952,0.1192902571,0.05395652018,0.0005175519735,0.0005747618807,1.14861595
182,0.1579534675,0.06228422517,0.09439444886,0.1340202804,0,0,0.2190577668,0.09152761132,0.125361571,0.05369051032,0.000700882813,0.0005708801654,1.147696615
183,0.1450288892,0.054802306,0.08898485395,0.1305440097,0,0,0.2078409943,0.08633710697,0.1195358291,0.06344510257,0.0004993766313,0.0005669941086,1.155674608
184,0.1335473622,0.04902946978,0.08322363519,0.1360664328,0,0,0.2109306383,0.09450629994,0.1143534282,0.06566057093,0.0005356935039,0.0005631039502,1.163361193
185,0.1388454752,0.05686453873,0.08067869596,0.1369056272,0,0,0.2113784391,0.08752841026,0.122008954,0.05104742423,0.0005442759395,0.00055920993,1.198021344
186,0.1338958488,0.05065565957,0.08214081251,0.1155782399,0,0,0.2045743561,0.09161118105,0.1112697108,0.05178770177,0.0004557529697,0.0005553122884,1.175730831
187,0.1252250683,0.05119824295,0.07306182843,0.1014509055,0,0,0.2010695288,0.09007670194,0.1094093485,0.04530384175,0.0004551314935,0.0005514112657,1.14752665
188,0.1448989373,0.06272917585,0.08117009098,0.1050961614,0,0,0.2632750189,0.1343134737,0.1272871667,0.04500821874,0.0005081552081,0.0005475071025,1.179556414
189,0.1455477602,0.06285294518,0.08159937251,0.1151647688,0,0,0.2106861711,0.0914800854,0.117505753,0.04920836493,0.0004835050507,0.0005436000397,1.174384922
190,0.1201851746,0.04374742307,0.07527619256,0.1221154871,0,0,0.2130991673,0.0934186393,0.1178367049,0.05791734494,0.0004819950135,0.0005396903183,1.145595257
191,0.1267358661,0.04672866114,0.07877921256,0.129099686,0,0,0.1945617646,0.08547875553,0.1072447316,0.04995646082,0.0005528592831,0.0005357781795,1.182284501
192,0.1186900786,0.04319618958,0.07433604564,0.1217246497,0,0,0.1923638898,0.08910709381,0.1016916102,0.04532509111,0.0004448155407,0.0005318638645,1.185253398
193,0.1286563839,0.05196684427,0.07567760921,0.1063849382,0,0,0.201032089,0.08731750041,0.1120152652,0.05155965075,0.0004611125821,0.0005279476149,1.225192294
194,0.1397810785,0.05519678845,0.08353706105,0.1100960867,0,0,0.2184154272,0.09896639675,0.1178681509,0.04779531978,0.000430558552,0.0005240296721,1.157410196
195,0.1485944906,0.06074962335,0.08675499948,0.1145790219,0,0,0.2322649261,0.1053407079,0.1249150419,0.04703089684,0.0006745570991,0.000520110278,1.160945794
196,0.1471761528,0.05697403791,0.08885381829,0.1417472941,0,0,0.2075444889,0.09201496318,0.1135470966,0.04661857136,0.0006635895744,0.0005161896742,1.149889382
197,0.1304426337,0.05184543018,0.07735933306,0.130138266,0,0,0.2089590585,0.0962399663,0.1109420437,0.057127304,0.0004523973353,0.0005122681025,1.164046563
198,0.1230714974,0.04965428951,0.07221143062,0.1267642029,0,0,0.2167644411,0.09968678668,0.1149596098,0.06656276315,0.0005533854384,0.000508345805,1.146823234
199,0.128367189,0.05151063806,0.0754793699,0.144784117,0,0,0.1964177933,0.08825435728,0.1061473368,0.06542492509,0.0005075647961,0.0005044230235,1.174358674
200,0.1195666429,0.04655906243,0.07193871014,0.1123710567,0,0,0.1964068645,0.08768036619,0.107077796,0.04560203835,0.0004884394724,0.0005005,1.150484068
201,0.1168646503,0.04721527002,0.06863082888,0.10708098,0,0,0.2026044691,0.09183521658,0.1090755656,0.04876657508,0.000483933338,0.0004965769765,1.229164057
202,0.1330574413,0.05683299727,0.07532847157,0.09419375658,0,0,0.2097596511,0.1026170467,0.1055981439,0.04178915873,0.0004661889793,0.000492654195,1.146203515
203,0.1217435719,0.05381137906,0.06712632798,0.08472126321,0,0,0.22334521,0.1080563909,0.1136911482,0.04426468596,0.0004726324603,0.0004887318975,1.168418364
204,0.117796174,0.04380222926,0.07310635625,0.09331276124,0,0,0.1886705762,0.08279368609,0.1043063904,0.04461220615,0.0004543763259,0.0004848103258,1.177041909
205,0.1141508342,0.04048519839,0.0728214982,0.08874464665,0,0,0.2025367185,0.09791241199,0.1030726929,0.04384840056,0.0004510232713,0.000480889722,1.150385538
206,0.1189650028,0.04846032909,0.06972737553,0.08171810496,0,0,0.1835380277,0.08386640072,0.09811589047,0.04100458428,0.0004797123,0.0004769703279,1.150752103
207,0.1087868827,0.04123730155,0.06671506568,0.08773314867,0,0,0.1909992597,0.08755020201,0.1017889422,0.04443529405,0.0005055867555,0.0004730523851,1.176149077
208,0.1141586464,0.04358557125,0.06911432972,0.1533591369,0,0,0.183245872,0.08110769242,0.1005210696,0.04346239679,0.00049083455,0.0004691361355,1.170228379
209,0.1117351709,0.04102965502,0.06963869843,0.1121553595,0,0,0.196600025,0.08641608775,0.1086232483,0.04418880805,0.0004528812133,0.0004652218205,1.168746636
210,0.1096462464,0.04255724068,0.0659839531,0.1161749294,0,0,0.1806701124,0.08299505159,0.09573540717,0.05843586817,0.0005301857088,0.0004613096817,1.148056988
211,0.1154708169,0.04649115927,0.06786287719,0.1174080962,0,0,0.1923777294,0.08925947726,0.1016156407,0.04273839191,0.0004342265055,0.0004573999603,1.149795855
212,0.1182250054,0.04730455463,0.06996179659,0.1007841358,0,0,0.1897514406,0.0867869316,0.1012450619,0.05320669398,0.0004569467204,0.0004534928975,1.143891616
213,0.1135731615,0.04664672424,0.06604527224,0.09263766872,0,0,0.1904783747,0.08232944518,0.1065817243,0.04539324388,0.0004453005735,0.0004495887343,1.153693411
214,0.1049775023,0.03891917332,0.06508057536,0.102791898,0,0,0.1901332301,0.08731292248,0.1010364477,0.05617912188,0.0004649711447,0.0004456877116,1.155964068
215,0.120328392,0.04627530019,0.0730245334,0.1081330375,0,0,0.2012634268,0.08731786713,0.1119460428,0.06900902279,0.0004651077511,0.00044179007,1.175654529
216,0.1233696525,0.04601658823,0.07631960339,0.1086486652,0,0,0.196237106,0.09122451141,0.1034500174,0.04278338194,0.0004669780796,0.0004378960498,1.175252365
217,0.1148142775,0.04413170568,0.06983927781,0.08865611972,0,0,0.1918403283,0.09045122683,0.09988688052,0.04223210305,0.000438713911,0.0004340058914,1.176098715
218,0.1190453384,0.04913678679,0.06910857673,0.08410200419,0,0,0.1756965807,0.07598677069,0.09810248777,0.04300720394,0.0004896474723,0.0004301198346,1.155030055
219,0.1166238974,0.0456960419,0.07001362397,0.09611377407,0,0,0.2148974314,0.0924095197,0.1208898723,0.04846455634,0.0004338340135,0.0004262381193,1.150778653
220,0.1289191573,0.04782660735,0.08017323223,0.09664840767,0,0,0.2095899948,0.0931174849,0.1147663046,0.04760679826,0.000501627638,0.0004223609847,1.184132094
221,0.1339917538,0.05055257649,0.0824368576,0.1053746979,0,0,0.1975352648,0.08828810051,0.1076240653,0.04353335336,0.0004934900394,0.0004184886701,1.159999061
222,0.1243492623,0.0485739791,0.07465154047,0.118139765,0,0,0.2043251568,0.09095313966,0.1110380685,0.07403892741,0.0006033762312,0.0004146214144,1.180115088
223,0.1327616418,0.05146863971,0.07975689666,0.1614920291,0,0,0.1954506221,0.09048393369,0.103276595,0.05339093879,0.0004389999667,0.0004107594561,1.156914081
224,0.1182008179,0.04637195027,0.07092494059,0.09503058516,0,0,0.1867179862,0.08243868053,0.1026959816,0.0469977577,0.0004393143067,0.0004069030334,1.149750188
225,0.1108306067,0.04448458237,0.06549517724,0.08945036737,0,0,0.1803601253,0.07995038152,0.09877358064,0.04469340861,0.0004899424035,0.0004030523842,1.193382631
226,0.1025427958,0.03874852279,0.06286351211,0.09785143114,0,0,0.1802628127,0.07942759946,0.09928844422,0.04414637521,0.0004455769248,0.000399207746,1.149838678
227,0.1004535539,0.03821310773,0.06149317439,0.07856133408,0,0,0.1886928254,0.08929488301,0.09792679638,0.04099810183,0.0004329845123,0.000395369356,1.164590614
228,0.1059104835,0.04233109464,0.06291454543,0.06989537523,0,0,0.1846873567,0.08551398903,0.09773384601,0.04242197298,0.0004022687161,0.0003915374509,1.151714502
229,0.111152783,0.04425760187,0.06610196313,0.08339154176,0,0,0.205305979,0.09790956423,0.1058659284,0.04150368646,0.000461110617,0.0003877122672,1.155620606
230,0.1123502083,0.04531935345,0.06624073707,0.08306545334,0,0,0.1764095876,0.07947303459,0.09518444523,0.04582401805,0.0005435732193,0.0003838940408,1.159005187
231,0.1214626133,0.04622050776,0.07441597117,0.0868521989,0,0,0.2067688999,0.09434789836,0.1108756018,0.04234273717,0.0004615669418,0.0003800830071,1.163568522
232,0.11158807,0.04204105872,0.06883021272,0.07535750619,0,0,0.1809288079,0.08269347653,0.09675101176,0.03950894535,0.00045410085,0.0003762794014,1.16814649
233,0.09591679504,0.03450439756,0.06069576224,0.07534029879,0,0,0.1775125143,0.07871314332,0.09735195205,0.03953785524,0.0004334214842,0.0003724834581,1.188535206
234,0.1043470594,0.03846795628,0.06506349433,0.08574562921,0,0,0.1883932656,0.08074527502,0.1060555652,0.04847647294,0.0004306174116,0.0003686954115,1.148589802
235,0.1041597604,0.03771897735,0.06549443562,0.09949011012,0,0,0.1825722951,0.08248948112,0.09857468575,0.04412976705,0.0004243574059,0.0003649154953,1.182973511
236,0.09550100164,0.03557214886,0.059130887,0.08389073524,0,0,0.1786800894,0.07890092388,0.09833008811,0.04088313282,0.000421846509,0.0003611439425,1.172039581
237,0.09514831752,0.03484960402,0.05957300646,0.07629416897,0,0,0.1779605475,0.07971177228,0.09652037084,0.05211464532,0.0004720425792,0.0003573809859,1.18028187
238,0.09507521586,0.03546430228,0.05874116604,0.09143728992,0,0,0.1743288201,0.07925094694,0.09359304249,0.04346675031,0.0004176281067,0.0003536268575,1.140585239
239,0.1098784329,0.04661698553,0.06218395411,0.113277872,0,0,0.1867876628,0.09016400129,0.09508611023,0.04292961568,0.0004517772235,0.000349881789,1.146444428
240,0.1118259814,0.04750139094,0.06354186799,0.08228814774,0,0,0.1757618389,0.08222758636,0.09206510648,0.04159013078,0.0004263806157,0.0003461460113,1.150307562
241,0.1004884048,0.04191003382,0.05791922888,0.06929618521,0,0,0.1934719494,0.0897437124,0.1023081748,0.03816318989,0.0004310556548,0.0003424197549,1.163116752
242,0.1008896278,0.04132832358,0.05896840159,0.06233223327,0,0,0.177269125,0.08356051192,0.09232932031,0.03752922341,0.0004143923474,0.0003387032496,1.137218157
243,0.09615947994,0.03958012192,0.0559793172,0.06308268354,0,0,0.1757623431,0.08196968377,0.09240415543,0.03869663775,0.0004086462175,0.0003349967247,1.140156828
244,0.09350123256,0.03811536428,0.05480403568,0.06116848554,0,0,0.1831595394,0.08847637072,0.09319072783,0.0405663453,0.0004487715615,0.0003313004088,1.189011048
245,0.09365839397,0.03825685912,0.05469432015,0.07434999971,0,0,0.1744983923,0.07861258954,0.09439655185,0.04021343872,0.0004502856685,0.00032761453,1.162931881
246,0.09076140764,0.03422856718,0.05579855809,0.07719566988,0,0,0.1697922403,0.07683841065,0.09126388744,0.0444971396,0.0005215111095,0.0003239393155,1.140982053
247,0.08574877966,0.03062490116,0.0544248848,0.07348567161,0,0,0.1842307937,0.08610293299,0.09671376437,0.03821249589,0.0004272995004,0.0003202749922,1.139261548
248,0.09128275915,0.0321317808,0.05844002016,0.07474373568,0,0,0.1703471792,0.07783789724,0.09107516646,0.04027516723,0.0004192165425,0.0003166217859,1.148990355
249,0.09804448199,0.03768172631,0.0592699945,0.1148827695,0,0,0.1925872958,0.08966545984,0.1015166302,0.03973973379,0.0004081982095,0.0003129799222,1.174890408
250,0.09781845946,0.03567011282,0.06139868183,0.07881279318,0,0,0.1819226736,0.08778584212,0.09251371264,0.04307177678,0.000497787199,0.0003093496255,1.159508918
251,0.1019865246,0.039400636,0.06174840406,0.08804545867,0,0,0.1820042327,0.08256865993,0.09801445082,0.03875997886,0.0004261018662,0.0003057311199,1.15580112
252,0.1075372215,0.04239291211,0.06419772712,0.09951501454,0,0,0.1792080322,0.0831081681,0.09447469682,0.03938895389,0.0005331210792,0.0003021246286,1.154822556
253,0.09821760769,0.0389502997,0.0582034628,0.1118428166,0,0,0.167169033,0.07552258477,0.0900929983,0.0473088599,0.0004199022707,0.000298530374,1.160444345
254,0.08872105009,0.03249767136,0.0554461697,0.08170865763,0,0,0.1697544929,0.07517662078,0.09313700482,0.03858931884,0.000438607079,0.0002949485779,1.183224991
255,0.08457429822,0.03061935606,0.05327706526,0.07126588546,0,0,0.1705491391,0.07843070053,0.0907028316,0.0389682962,0.0004211147735,0.0002913794611,1.148640524
256,0.08884577682,0.03309693316,0.05512734617,0.06533847061,0,0,0.1757833022,0.08000142083,0.09439185619,0.03792480797,0.0004166552564,0.0002878232439,1.194404164
257,0.09567259539,0.03589475814,0.05908701282,0.07262700338,0,0,0.1770378238,0.08142298773,0.09404961482,0.04741036572,0.0004254695727,0.0002842801455,1.213789993
258,0.08804533287,0.031964812,0.05544421105,0.06689586734,0,0,0.1823671734,0.0855905354,0.09523681358,0.04365492359,0.0004462977033,0.0002807503847,1.1736772
259,0.08702396601,0.03198888812,0.05433282915,0.07382795845,0,0,0.1705576494,0.07575724036,0.09331859782,0.04261042401,0.0004239092581,0.000277234179,1.169229168
260,0.09366670251,0.03754122856,0.05544714744,0.07131283157,0,0,0.1724738047,0.07888673514,0.09219240144,0.03838522524,0.000414948212,0.0002737317454,1.151762226
261,0.08776310258,0.03448973023,0.05264624294,0.06593066253,0,0,0.1782541269,0.08253201373,0.09424689651,0.03793489248,0.0004636840895,0.0002702432999,1.160355456
262,0.08544440969,0.03247703913,0.05233527204,0.06645296285,0,0,0.1659406576,0.07668691978,0.08782409236,0.03812526658,0.0004367086012,0.0002667690578,1.149607614
263,0.08627721839,0.03301602917,0.05255128501,0.07463253404,0,0,0.1687146074,0.07788603306,0.08934960231,0.04231517896,0.0004250813508,0.0002633092333,1.164130305
264,0.09007673539,0.03379071647,0.05557973282,0.07425233922,0,0,0.1752020803,0.08094510272,0.09279824883,0.04022340789,0.000433310885,0.0002598640398,1.164162664
265,0.08459403423,0.03228975216,0.05171823416,0.06161160509,0,0,0.1793344751,0.08405801214,0.09384521902,0.03858996734,0.0004332786705,0.0002564336899,1.159646857
266,0.08818642623,0.03415703988,0.0534465078,0.0612785137,0,0,0.1670413515,0.07640093587,0.08925732359,0.03714302614,0.0004200813873,0.0002530183951,1.165918272
267,0.08411898865,0.03136737229,0.05219687579,0.05832029965,0,0,0.1615830955,0.07326450422,0.08689340562,0.04019898996,0.0004149839981,0.0002496183662,1.149353495
268,0.08775841387,0.03375367863,0.05346458749,0.05678609415,0,0,0.1688728666,0.07663943246,0.09092661217,0.03563927725,0.0003918603621,0.0002462338128,1.170445547
269,0.0818499298,0.03009831132,0.05121808213,0.05609100856,0,0,0.1770788655,0.08142386645,0.09420708328,0.03947254047,0.0004343020916,0.0002428649438,1.172765454
270,0.08020509206,0.02859307152,0.05094000697,0.07064937198,0,0,0.1653896424,0.0765868327,0.08743255451,0.03761365131,0.0004086094536,0.0002395119669,1.154318112
271,0.08326409442,0.0307752715,0.05184850842,0.06731676081,0,0,0.1726886705,0.07953764841,0.09165234521,0.03902961984,0.0004664934333,0.000236175089,1.163807711
272,0.08199470376,0.03029415542,0.05105892712,0.06745419049,0,0,0.1633939254,0.07540897846,0.08660172656,0.03803485915,0.0004118699301,0.0002328545159,1.17201311
273,0.08079891365,0.03078697765,0.04942966453,0.0612146522,0,0,0.160839656,0.07496352553,0.08444245696,0.03853043437,0.0004351745453,0.0002295504524,1.175839717
274,0.08195110668,0.03173336845,0.04959688909,0.0652704408,0,0,0.1579016879,0.07171758518,0.08475121111,0.03861980304,0.0004339107079,0.0002262631024,1.146774513
275,0.08036135538,0.02999126381,0.04975992183,0.06414750075,0,0,0.1660574844,0.07644518942,0.0882262069,0.03963178709,0.0003986260388,0.0002229926686,1.137344509
276,0.075914791,0.02714793398,0.04815129477,0.06471452146,0,0,0.159636392,0.0728162846,0.08542617097,0.03635176897,0.0004334282503,0.0002197393528,1.181558795
277,0.08337915746,0.03123638091,0.05147131217,0.07059160448,0,0,0.1735960621,0.07964555174,0.09243358463,0.04398717374,0.0004305470409,0.0002165033556,1.192668413
278,0.08632035725,0.03224041943,0.05331163767,0.08077197952,0,0,0.1623024786,0.07298973143,0.08793926001,0.03817961335,0.0004051416693,0.0002132848766,1.169971046
279,0.08234641529,0.02906953529,0.0526773325,0.06303073466,0,0,0.1638551927,0.07344156504,0.08901517957,0.03787165359,0.0004218077939,0.0002100841144,1.149746701
280,0.07781145091,0.02779284693,0.0494359938,0.06125027314,0,0,0.1756591079,0.08526270851,0.0889595665,0.03939123854,0.0004289265396,0.0002069012665,1.186475073
281,0.08340489234,0.03220354279,0.05058325741,0.06498058255,0,0,0.1668610302,0.07679245159,0.08853249595,0.03799577877,0.0004967835313,0.0002037365291,1.136764416
282,0.07983641441,0.02770679301,0.05139612149,0.0771134043,0,0,0.1692840141,0.07895455435,0.08881435066,0.03877638087,0.0004779335298,0.0002005900974,1.165489225
283,0.08068518283,0.02998099075,0.05009502774,0.06404201973,0,0,0.160468508,0.07255931988,0.08643603459,0.04105650529,0.0004335525958,0.0001974621657,1.142690331
284,0.08238886297,0.03083142208,0.05083024387,0.07645068375,0,0,0.1645294985,0.07626994193,0.08682949975,0.03950953424,0.0004240811476,0.0001943529267,1.13661056
285,0.08431191828,0.0300536458,0.05366067531,0.0628259586,0,0,0.161540477,0.07540560149,0.08475692511,0.03925711066,0.000397605584,0.0001912625723,1.138462473
286,0.0768785981,0.02705780245,0.04921561852,0.06362278301,0,0,0.1620100737,0.0741717048,0.08640903518,0.04076253816,0.0004120445624,0.0001881912932,1.158143225
287,0.07513184845,0.02717704355,0.04732933841,0.06575581145,0,0,0.1650495222,0.07618179791,0.08742965043,0.04074258342,0.0004170638742,0.0001851392787,1.139214297
288,0.07413448479,0.02627173252,0.04726237976,0.06311783882,0,0,0.1620136961,0.07438467622,0.08629040837,0.03709516019,0.0003959230613,0.0001821067171,1.169327144
289,0.07533615426,0.02599632367,0.04869097185,0.06821494062,0,0,0.1670797575,0.0760186328,0.08956717491,0.03973161384,0.0004573591147,0.0001790937956,1.14458396
290,0.07609307336,0.02670020438,0.04876963364,0.0655211769,0,0,0.166695216,0.07749470592,0.08782305896,0.03798367277,0.0004091539653,0.0001761006999,1.149044686
291,0.07655539937,0.02823631107,0.04771016796,0.0640163201,0,0,0.1623045662,0.07627144352,0.08455418035,0.04509267785,0.0003992705652,0.0001731276146,1.144157356
292,0.07726802333,0.02855438811,0.04801575639,0.0733684608,0,0,0.1706491899,0.07944728993,0.089786015,0.04027584463,0.0004091236554,0.0001701747233,1.155916008
293,0.079025468,0.03043135499,0.04800752321,0.06166883644,0,0,0.1596496418,0.07454852723,0.08364583865,0.04135821223,0.0004208627157,0.0001672422079,1.150209853
294,0.07408532099,0.02698797116,0.04651320067,0.06141212296,0,0,0.1674540627,0.07951928645,0.08642419517,0.04176226094,0.0004477002705,0.0001643302495,1.172660721
295,0.08511403948,0.03312115758,0.05141134159,0.0611376963,0,0,0.1599399623,0.07334161006,0.08511626557,0.04042097911,0.000444394513,0.0001614390276,1.165100472
296,0.07392310007,0.0263099232,0.04700749052,0.06367651287,0,0,0.1594960451,0.0735990113,0.08444506779,0.03864662528,0.0004442135943,0.0001585687206,1.161257227
297,0.07282284504,0.02606557539,0.04604710753,0.07465998886,0,0,0.1600064981,0.07461397856,0.08392628491,0.04160045914,0.000424673087,0.0001557195055,1.19904142
298,0.07355786058,0.02713188114,0.04584430015,0.06115261265,0,0,0.1648465332,0.07715151109,0.08622384951,0.03901764825,0.0004513903474,0.0001528915581,1.147254204
299,0.07142619588,0.02527671422,0.04555357505,0.06264813731,0,0,0.1582537213,0.07316926271,0.08368100047,0.0391638054,0.0004125797935,0.0001500850528,1.143854594
300,0.07276390923,0.02559413245,0.04661501915,0.0583221878,0,0,0.1550544095,0.07061024822,0.08299727142,0.0393882592,0.0004345172597,0.0001473001628,1.15895978
301,0.07336284478,0.02658688578,0.04613970851,0.06688967548,0,0,0.1716156095,0.08129948556,0.08893140823,0.03681316018,0.0004240416596,0.0001445370598,1.170961135
302,0.07509893036,0.02707479421,0.04752377277,0.052603658,0,0,0.1540329236,0.06975165188,0.08288609147,0.03769842714,0.0004216095386,0.0001417959143,1.166750873
303,0.07474091592,0.02710145196,0.0471385597,0.05266054662,0,0,0.165575473,0.07606082499,0.08816144139,0.03648661882,0.0004096462438,0.0001390768953,1.159981816
304,0.07446038551,0.02726385613,0.04665306325,0.05713507075,0,0,0.1559836152,0.07224491864,0.08232835308,0.03717925429,0.0004348187614,0.0001363801706,1.219608094
305,0.06925673983,0.02453898538,0.04424886893,0.04929441715,0,0,0.1592806634,0.07465501942,0.08327695489,0.03565038279,0.0004149140045,0.0001337059065,1.144973822
306,0.0695461499,0.02399619368,0.04506548437,0.05093296761,0,0,0.1554018351,0.07177374281,0.08224294558,0.03600789934,0.0004317578347,0.0001310542681,1.183949758
307,0.06955133808,0.02483451782,0.04412039942,0.06270224515,0,0,0.1596393645,0.07501766443,0.08318358153,0.03935635686,0.0004299640609,0.0001284254187,1.172495569
308,0.07049196156,0.02561836246,0.0443550354,0.05451679373,0,0,0.1586371052,0.07331125252,0.08398817167,0.03613406554,0.0004043351812,0.0001258195207,1.154131791
309,0.06918214892,0.02373031756,0.04496800068,0.05086558685,0,0,0.1586899602,0.07340711892,0.08398100719,0.03513347298,0.0003937978717,0.0001232367348,1.149442614
310,0.06881460003,0.02342953146,0.04488742151,0.05231791907,0,0,0.1598822862,0.07407708354,0.08444909707,0.0361782594,0.000414112648,0.0001206772202,1.149386123
311,0.06760283416,0.02344610327,0.04367857111,0.05026933322,0,0,0.1623775315,0.07557214282,0.08549408197,0.03471239448,0.0004029480554,0.0001181411349,1.152829806
312,0.06885566047,0.02433789006,0.04403325772,0.05093697315,0,0,0.1554382828,0.07176051959,0.08221659631,0.04285609446,0.000410210886,0.0001156286352,1.209498857
313,0.069809795,0.02497011409,0.04416138707,0.07130945703,0,0,0.1554890081,0.07119178236,0.082646707,0.04674145721,0.0004788630502,0.0001131398763,1.152121793
314,0.06963626983,0.02506359924,0.04388296977,0.07250867297,0,0,0.1582092911,0.07385092631,0.08298301846,0.03781267688,0.0004095776845,0.0001106750115,1.174121296
315,0.06977630636,0.02427486932,0.04501663722,0.05096743055,0,0,0.1595515087,0.07351669855,0.08466892496,0.03815101072,0.000401201928,0.000108234193,1.156889126
316,0.06623275836,0.02192724424,0.04376330313,0.05700317312,0,0,0.1585810676,0.07418963887,0.08298881575,0.03814110234,0.000421609506,0.0001058175713,1.159843003
317,0.06838556809,0.02343480404,0.04447085353,0.05045332788,0,0,0.1593163136,0.07380267516,0.08410315856,0.0395892778,0.0004125120956,0.0001034252955,1.15838049
318,0.06591200141,0.02262670805,0.04281361229,0.04958813637,0,0,0.1577395016,0.07332782596,0.08305244893,0.03718121752,0.0004065257311,0.0001010575131,1.167553965
319,0.06569509094,0.02252379518,0.04272827535,0.04657504048,0,0,0.1582794806,0.07340669177,0.08348687321,0.03669673219,0.0004257871211,9.871437018e-05,1.16815138
320,0.06613929226,0.02252710797,0.04315954074,0.04758686286,0,0,0.1610204959,0.07491745591,0.08470549762,0.03592763931,0.0004393606307,9.639601131e-05,1.206269821
321,0.0677998811,0.0233087736,0.0440186222,0.04967273485,0,0,0.1559187821,0.0722480464,0.08234275594,0.03586317405,0.0004014832014,9.410257947e-05,1.153305381
322,0.06506816298,0.02236323775,0.04220493138,0.05256475637,0,0,0.154829728,0.07186241738,0.08159391344,0.03786066949,0.0004080537613,9.183421615e-05,1.160626404
323,0.06645438161,0.02251810609,0.04340542968,0.05580837194,0,0,0.1560905108,0.07198238552,0.08274089143,0.03711197302,0.0004115983704,8.959106125e-05,1.156503441
324,0.06584683347,0.02205997863,0.04330142501,0.05103356993,0,0,0.153055259,0.07093078658,0.08080250591,0.03610702083,0.0003958924208,8.737325315e-05,1.156326265
325,0.06479955379,0.02262981909,0.04173065006,0.04616129885,0,0,0.1568424878,0.07250126004,0.08295257881,0.03813639149,0.0004139291495,8.518092865e-05,1.181144289
326,0.06486557883,0.02218817762,0.04211651391,0.05896648951,0,0,0.1568001506,0.07232437626,0.08310764536,0.036357795,0.0004190973332,8.3014223e-05,1.239019769
327,0.06364200293,0.02163408252,0.04156833887,0.04621338558,0,0,0.1553042725,0.07223209471,0.08172541425,0.03587560609,0.0004117573285,8.087326983e-05,1.165317605
328,0.06406017536,0.02221068683,0.04142486849,0.04464060584,0,0,0.1586155558,0.07400010079,0.08328331932,0.03527482495,0.0004092462081,7.875820121e-05,1.206043464
329,0.06264601734,0.02104106717,0.04118248763,0.04441383481,0,0,0.153432416,0.0711030823,0.08097880974,0.03589774981,0.0004136315221,7.666914762e-05,1.147922369
330,0.0631509194,0.02135322085,0.04138899623,0.04296716475,0,0,0.1553558168,0.07264636412,0.08138109013,0.03494415447,0.0004102293588,7.460623791e-05,1.167149069
331,0.06319494803,0.02170417214,0.04107789323,0.0434065666,0,0,0.15601515,0.07250107788,0.08217038125,0.03615960106,0.0004074206436,7.256959933e-05,1.16001235
332,0.06479649733,0.02231474694,0.04205113305,0.04527109919,0,0,0.1582994857,0.07368192784,0.08324033588,0.03617253453,0.0004258461203,7.055935751e-05,1.179533579
333,0.06374818173,0.02173678405,0.04157120047,0.04627824503,0,0,0.1580891496,0.07429879643,0.08240747586,0.03776275009,0.0004142066604,6.857563646e-05,1.169327169
334,0.06503384159,0.02269983306,0.04188458335,0.04724833799,0,0,0.1544007605,0.07177276053,0.08129962638,0.03543835625,0.0004056447325,6.661855854e-05,1.166643886
335,0.06577137514,0.02284920216,0.04249018975,0.04541467374,0,0,0.1545942006,0.07193611421,0.08134539872,0.03558645502,0.0003955938062,6.468824447e-05,1.150812323
336,0.0624053398,0.02090992148,0.04108872121,0.04275640989,0,0,0.1544105929,0.07219142795,0.08090281978,0.03515741572,0.0004016012885,6.278481332e-05,1.191290187
337,0.06374352941,0.0216236318,0.04171196658,0.04288615673,0,0,0.1569292027,0.0732066939,0.08238459662,0.03619318172,0.0004039122444,6.09083825e-05,1.155550251
338,0.06272631941,0.0213709594,0.04094768602,0.04285904307,0,0,0.1574558398,0.07329669662,0.08286281109,0.03425818011,0.0003988826787,5.905906777e-05,1.16141979
339,0.06240245585,0.0210724291,0.04093813724,0.04119958098,0,0,0.155161114,0.07201551072,0.08181002423,0.03485448971,0.0004150536656,5.723698319e-05,1.158645273
340,0.06299873012,0.02145144028,0.04106895511,0.05028765735,0,0,0.1565939575,0.07328183718,0.08196594521,0.0359764941,0.0004104944551,5.544224117e-05,1.171286051
341,0.0622774225,0.02147300971,0.04041452161,0.04098950957,0,0,0.154785009,0.07207299016,0.08138834998,0.03543741837,0.0004030521307,5.36749524e-05,1.154527989
342,0.06175998799,0.02091435558,0.04045400539,0.04117196154,0,0,0.1541825733,0.07194964975,0.08090819493,0.03549672261,0.0004030880053,5.193522591e-05,1.170920419
343,0.0627007963,0.02130745208,0.04099624231,0.04174757606,0,0,0.1525299329,0.07050050005,0.08070416242,0.03611573324,0.0003976379521,5.0223169e-05,1.151809868
344,0.06192487593,0.02085210927,0.04069340286,0.03988272425,0,0,0.1553632161,0.07239735417,0.08163950473,0.03507094935,0.000407942282,4.853888729e-05,1.210061181
345,0.0629427625,0.02110388803,0.04142579866,0.04342705026,0,0,0.1531659403,0.07104951575,0.08081835985,0.03452375695,0.0003973751795,4.688248467e-05,1.164294082
346,0.06110211147,0.02036143782,0.04034330094,0.04177614144,0,0,0.1531932428,0.07121146791,0.08065437153,0.03596457228,0.000400222498,4.525406332e-05,1.189411427
347,0.06125483089,0.0203966964,0.04044910119,0.0430019495,0,0,0.154076238,0.07141966678,0.08129626662,0.03747618437,0.0004043831537,4.365372368e-05,1.176735556
348,0.06254130516,0.02094929393,0.04116924021,0.04444617778,0,0,0.1553094468,0.0722295057,0.08173160687,0.03553111985,0.0004158247635,4.208156447e-05,1.164687747
349,0.0608284098,0.02015323679,0.04029423199,0.04004862546,0,0,0.1538302404,0.07157471769,0.08093273059,0.03542268023,0.0004027041886,4.053768267e-05,1.15054152
350,0.06082311588,0.02037917235,0.04000389863,0.04626225709,0,0,0.1537834972,0.07182611756,0.08057758734,0.03722579837,0.0004174867738,3.902217351e-05,1.167204343
351,0.06051902272,0.0201486299,0.03995736001,0.04342249294,0,0,0.1543770447,0.07177881345,0.08127433062,0.03525203288,0.0004049030086,3.753513048e-05,1.154729201
352,0.06064241236,0.02027700211,0.03998086888,0.040427081,0,0,0.1543636903,0.07213183157,0.08091318816,0.03481215462,0.0004060953902,3.60766453e-05,1.191361855
353,0.0606451536,0.02024864248,0.04000493512,0.04116679728,0,0,0.1538829657,0.07174380362,0.08079353154,0.03591508165,0.00041076425,3.464680794e-05,1.150018257
354,0.06105740311,0.0202508371,0.04036524634,0.04639632513,0,0,0.1527061796,0.07102352701,0.08034019366,0.03593332335,0.000408839155,3.32457066e-05,1.169558463
355,0.06027173423,0.0200553237,0.0398287286,0.04075727884,0,0,0.1533639413,0.07139915861,0.08064092606,0.03570425317,0.0004006787483,3.187342771e-05,1.185377419
356,0.06017622953,0.01982830357,0.03995200676,0.04162326828,0,0,0.1555851966,0.07245968595,0.08180940434,0.03501200184,0.0004028204875,3.053005591e-05,1.161008278
357,0.05975500208,0.01977441231,0.0396116886,0.03878303073,0,0,0.1525859308,0.0708195091,0.08044771537,0.03538656518,0.0004007798294,2.921567407e-05,1.157850701
358,0.06043485695,0.02014202238,0.03992964671,0.03818220043,0,0,0.1528568318,0.07154206909,0.07999747217,0.03499838054,0.0004036005167,2.793036327e-05,1.166729402
359,0.06110904996,0.0206033351,0.04010922863,0.0416828179,0,0,0.1536864215,0.0715335118,0.08083064303,0.03546744004,0.0004019976268,2.667420278e-05,1.146228871
360,0.05965065125,0.019857922,0.039428588,0.03828244742,0,0,0.1531848133,0.07152721703,0.08034978434,0.03490605742,0.0003992165206,2.544727011e-05,1.193205614
361,0.05971552718,0.0198262432,0.03951280593,0.03957940767,0,0,0.1536819467,0.07159976706,0.08073056892,0.03633200109,0.000410199496,2.424964093e-05,1.180503697
362,0.05997826245,0.01982470473,0.03975952617,0.04142481748,0,0,0.153102836,0.07126438782,0.08052807584,0.03506567374,0.0003991498426,2.308138911e-05,1.179132409
363,0.06067515107,0.02010890698,0.0401936652,0.03916951369,0,0,0.1533961746,0.07158542641,0.08050314859,0.0351123701,0.000397183951,2.194258672e-05,1.172270792
364,0.0596413598,0.01998427553,0.03928695705,0.03891166185,0,0,0.152932955,0.07144863054,0.08017310873,0.03486874595,0.000401445115,2.0833304e-05,1.154659554
365,0.05899435224,0.01952592799,0.03910344037,0.03837110833,0,0,0.1537609792,0.07184275188,0.08059182376,0.0355454424,0.0004035619739,1.975360939e-05,1.149343127
366,0.05906508404,0.01952338398,0.03915552107,0.04059938513,0,0,0.1526585436,0.07107854046,0.08027406275,0.03510285005,0.0003963535419,1.870356948e-05,1.145638482
367,0.05915683393,0.01961988984,0.03915377334,0.04028299752,0,0,0.1533351976,0.07130476967,0.08072178945,0.03511345789,0.000397746684,1.768324904e-05,1.133383646
368,0.0605619779,0.01973408131,0.04045472523,0.03923192348,0,0,0.1520997727,0.0708588513,0.07992223576,0.03513554141,0.0004030986037,1.669271102e-05,1.143230723
369,0.05990571242,0.01966582339,0.03987904896,0.03793536041,0,0,0.1530511567,0.07143109456,0.08030598208,0.03509315476,0.0004009454045,1.57320165e-05,1.149146433
370,0.05876954272,0.01940625333,0.03900338423,0.03783709226,0,0,0.1531529534,0.07123989776,0.08060372204,0.03509646043,0.0003982879687,1.480122476e-05,1.161559001
371,0.05890993602,0.01940567448,0.03914296255,0.03798358587,0,0,0.1546163732,0.07222897224,0.08107442796,0.03484710589,0.0004026185721,1.390039321e-05,1.189381122
372,0.05912552487,0.01947650715,0.03930711173,0.03594480527,0,0,0.1532593137,0.07138864122,0.08056506842,0.03471213564,0.0003997956123,1.302957741e-05,1.167001722
373,0.05845907904,0.01927758395,0.03883577353,0.03634597691,0,0,0.152901125,0.07133210197,0.08026957646,0.03446059689,0.0003987266449,1.218883109e-05,1.167802161
374,0.0586335467,0.01937636819,0.03891254847,0.03623115257,0,0,0.1531628495,0.07142395556,0.08042840794,0.03469870463,0.0004026201693,1.137820609e-05,1.178434689
375,0.05869129615,0.01935852068,0.03896887085,0.03825759673,0,0,0.1529159299,0.07128427103,0.0803163217,0.03485196635,0.0004038815759,1.059775244e-05,1.150005278
376,0.05839836311,0.0192048531,0.03884612267,0.03652112601,0,0,0.1527418035,0.07130996391,0.08011462286,0.03502264127,0.0004033355974,9.847518261e-06,1.194272312
377,0.05985827744,0.01970703699,0.03980407807,0.03649759164,0,0,0.1523514429,0.070920645,0.08011756778,0.03496756777,0.0004016418196,9.12754984e-06,1.176662273
378,0.05858209242,0.01924775627,0.0389912031,0.03607386408,0,0,0.1529301101,0.07134996511,0.08026465297,0.03481136873,0.0004043432232,8.437891586e-06,1.169702067
379,0.05870114296,0.01934299489,0.03900819444,0.03679079634,0,0,0.1531372109,0.07135140114,0.08047256857,0.03479600295,0.0004032415152,7.77858604e-06,1.158411209
380,0.05857653629,0.01930442323,0.03892005951,0.03701164029,0,0,0.1530009544,0.0713890513,0.08029341474,0.03502083108,0.000404056143,7.149673873e-06,1.155637706
381,0.05903607893,0.0193582617,0.03932931561,0.03663815845,0,0,0.1527136698,0.07118550189,0.08020717219,0.03541887328,0.0004017464025,6.551193877e-06,1.154057648
382,0.05800054538,0.0189668759,0.03869018503,0.03611074789,0,0,0.1529310009,0.07133781239,0.08027833521,0.03491786644,0.0004030005587,5.983182971e-06,1.156176595
383,0.05822334181,0.01917125435,0.03871129396,0.03582788646,0,0,0.152719267,0.0711005374,0.08030555218,0.03489692882,0.0004022680828,5.445676191e-06,1.163428114
384,0.05970461867,0.01950437962,0.03985614903,0.03617452357,0,0,0.1527596739,0.07125799768,0.08018161297,0.03509373173,0.0004042498767,4.938706693e-06,1.192577106
385,0.05825678145,0.01910127255,0.03882009622,0.03526210599,0,0,0.1531639689,0.0713554401,0.08049589932,0.03492716953,0.0004016840877,4.462305751e-06,1.161270528
386,0.05822161814,0.01909818615,0.03877917849,0.03619164314,0,0,0.1527032617,0.07110708907,0.08028399274,0.03487682566,0.0004019035539,4.01650275e-06,1.164071409
387,0.05823523666,0.01906680359,0.03882520531,0.0360838053,0,0,0.152448276,0.071048619,0.08008746579,0.03480371192,0.0004025891004,3.60132519e-06,1.169485893
388,0.05843017336,0.01914931218,0.03893330292,0.03653910842,0,0,0.152970683,0.07139274389,0.08026523635,0.0348105453,0.0004028081615,3.216798681e-06,1.162992335
389,0.05815800165,0.01900294982,0.03881143463,0.03612469266,0,0,0.1524000803,0.07101071611,0.08007792503,0.03477442816,0.0004024450248,2.862946942e-06,1.169283354
390,0.05830761876,0.01915372163,0.03880641022,0.03653159637,0,0,0.1528759259,0.07127095856,0.08029262662,0.0348733516,0.0004020256456,2.5397918e-06,1.181120491
391,0.05833216728,0.01915628764,0.0388336259,0.03598146785,0,0,0.1524330685,0.07103820518,0.08008317351,0.03481859192,0.0004021731531,2.24735319e-06,1.147562
392,0.0578342232,0.01891916697,0.03858162864,0.03505355664,0,0,0.1526540378,0.07117895693,0.08016527385,0.03470766202,0.0004021612462,1.98564915e-06,1.187487175
393,0.05868572914,0.01931702181,0.03901282984,0.03741364582,0,0,0.152531338,0.07110375941,0.08011634782,0.03478874847,0.0004021953745,1.754695823e-06,1.162899002
394,0.0583124155,0.01908712992,0.03889655694,0.03455945892,0,0,0.1525431475,0.07110757269,0.0801247941,0.0347820954,0.0004020091519,1.554507456e-06,1.154218111
395,0.05808927434,0.01902847737,0.03872723906,0.03506727488,0,0,0.1524946728,0.07106154822,0.08012225658,0.03475859657,0.0004022757616,1.385096398e-06,1.16226474
396,0.0589572922,0.01926492212,0.03936057122,0.03488221729,0,0,0.1525537291,0.0711291863,0.08011346281,0.03476462469,0.0004023371264,1.246473097e-06,1.157056925
397,0.05765461406,0.01887835999,0.03844140284,0.03520323222,0,0,0.1525548458,0.0711298769,0.08011458814,0.03474707827,0.0004021130921,1.138646106e-06,1.1673486
398,0.05819885719,0.01907224595,0.03878345942,0.03607588519,0,0,0.152626285,0.07117254354,0.08014375195,0.03473544344,0.0004020049097,1.061622075e-06,1.164163929
399,0.0580039053,0.01902543897,0.03865137668,0.03438727902,0,0,0.1526334721,0.07113573842,0.08018805861,0.03469879761,0.0004021704616,1.015405756e-06,1.180542572
